<?xml version="1.0" encoding="UTF-8"?>
<metadata xml:lang="en"><Esri><CreaDate>20211111</CreaDate><CreaTime>15570600</CreaTime><ArcGISFormat>1.0</ArcGISFormat><SyncOnce>TRUE</SyncOnce><DataProperties><lineage><Process ToolSource="c:\program files\arcgis\pro\Resources\ArcToolbox\toolboxes\Spatial Analyst Tools.tbx\ExtractByMask" Date="20211111" Time="155706">ExtractByMask "C:\Users\Seokmin\Desktop\Miami\Galetti projects\Caribbean_hotspots\Submission\Data\PLANT\zoo_compiled_3.tif" select_caribbean_islands "C:\Users\Seokmin\Desktop\Miami\Galetti projects\Caribbean_hotspots\Submission\Data\PLANT\zoo_compiled.tif"</Process></lineage></DataProperties></Esri></metadata>
