<?xml version="1.0" encoding="UTF-8"?>
<metadata xml:lang="en"><Esri><CreaDate>20210817</CreaDate><CreaTime>15171000</CreaTime><ArcGISFormat>1.0</ArcGISFormat><SyncOnce>FALSE</SyncOnce><DataProperties><lineage><Process ToolSource="c:\program files\arcgis\pro\Resources\ArcToolbox\toolboxes\Data Management Tools.tbx\CopyFeatures" Date="20210817" Time="151710">CopyFeatures All_Species "C:\Users\Seokmin\Desktop\Miami\Galetti projects\Caribbean_hotspots\Data\caribbean_frugivore_bird.shp" # # # #</Process><Process ToolSource="c:\program files\arcgis\pro\Resources\ArcToolbox\toolboxes\Data Management Tools.tbx\UpdateSchema" Date="20210817" Time="160721">UpdateSchema "CIMDATA=&lt;CIMStandardDataConnection xsi:type='typens:CIMStandardDataConnection' xmlns:xsi='http://www.w3.org/2001/XMLSchema-instance' xmlns:xs='http://www.w3.org/2001/XMLSchema' xmlns:typens='http://www.esri.com/schemas/ArcGIS/2.7.0'&gt;&lt;WorkspaceConnectionString&gt;DATABASE=C:\Users\Seokmin\Desktop\Miami\Galetti projects\Caribbean_hotspots\Data\FRUGIVORE&lt;/WorkspaceConnectionString&gt;&lt;WorkspaceFactory&gt;Shapefile&lt;/WorkspaceFactory&gt;&lt;Dataset&gt;caribbean_frugivore_bird.shp&lt;/Dataset&gt;&lt;DatasetType&gt;esriDTFeatureClass&lt;/DatasetType&gt;&lt;/CIMStandardDataConnection&gt;" &lt;operationSequence&gt;&lt;workflow&gt;&lt;AddField&gt;&lt;field_name&gt;ID&lt;/field_name&gt;&lt;field_type&gt;LONG&lt;/field_type&gt;&lt;field_is_nullable&gt;False&lt;/field_is_nullable&gt;&lt;field_is_required&gt;False&lt;/field_is_required&gt;&lt;/AddField&gt;&lt;/workflow&gt;&lt;workflow&gt;&lt;AddField&gt;&lt;field_name&gt;Species&lt;/field_name&gt;&lt;field_type&gt;TEXT&lt;/field_type&gt;&lt;field_length&gt;255&lt;/field_length&gt;&lt;field_is_nullable&gt;False&lt;/field_is_nullable&gt;&lt;field_is_required&gt;False&lt;/field_is_required&gt;&lt;/AddField&gt;&lt;/workflow&gt;&lt;workflow&gt;&lt;AddField&gt;&lt;field_name&gt;Source&lt;/field_name&gt;&lt;field_type&gt;TEXT&lt;/field_type&gt;&lt;field_length&gt;255&lt;/field_length&gt;&lt;field_is_nullable&gt;False&lt;/field_is_nullable&gt;&lt;field_is_required&gt;False&lt;/field_is_required&gt;&lt;/AddField&gt;&lt;/workflow&gt;&lt;workflow&gt;&lt;AddField&gt;&lt;field_name&gt;Region&lt;/field_name&gt;&lt;field_type&gt;TEXT&lt;/field_type&gt;&lt;field_length&gt;255&lt;/field_length&gt;&lt;field_is_nullable&gt;False&lt;/field_is_nullable&gt;&lt;field_is_required&gt;False&lt;/field_is_required&gt;&lt;/AddField&gt;&lt;/workflow&gt;&lt;/operationSequence&gt;</Process><Process ToolSource="c:\program files\arcgis\pro\Resources\ArcToolbox\toolboxes\Data Management Tools.tbx\CalculateField" Date="20210817" Time="160739">CalculateField caribbean_frugivore_bird ID !All_Specie! "Python 3" # Text</Process><Process ToolSource="c:\program files\arcgis\pro\Resources\ArcToolbox\toolboxes\Data Management Tools.tbx\CalculateField" Date="20210817" Time="160748">CalculateField caribbean_frugivore_bird Species !All_Spec_1! "Python 3" # Text</Process><Process ToolSource="c:\program files\arcgis\pro\Resources\ArcToolbox\toolboxes\Data Management Tools.tbx\CalculateField" Date="20210817" Time="160817">CalculateField caribbean_frugivore_bird Source !All_Spec_8! "Python 3" # Text</Process><Process ToolSource="c:\program files\arcgis\pro\Resources\ArcToolbox\toolboxes\Data Management Tools.tbx\CalculateField" Date="20210817" Time="160833">CalculateField caribbean_frugivore_bird Region !subset__19! "Python 3" # Text</Process><Process Name="Merge" ToolSource="c:\program files\arcgis\pro\Resources\ArcToolbox\toolboxes\Data Management Tools.tbx\Merge" Date="20210817" Time="160932">Merge caribbean_frugivore_bird;caribbean_frugivore_reptiles;caribbean_frugivore_mammal "C:\Users\Seokmin\Desktop\Miami\Galetti projects\Caribbean_hotspots\Data\caribbean_frugivore_avail.shp" "ID "ID" true true false 10 Long 0 10,First,#,caribbean_frugivore_bird,ID,-1,-1,caribbean_frugivore_reptiles,ID,-1,-1,caribbean_frugivore_mammal,ID,-1,-1;Species "Species" true true false 254 Text 0 0,First,#,caribbean_frugivore_bird,Species,0,254,caribbean_frugivore_reptiles,Species,0,254,caribbean_frugivore_mammal,Species,0,254;Source "Source" true true false 254 Text 0 0,First,#,caribbean_frugivore_bird,Source,0,254,caribbean_frugivore_reptiles,Source,0,254,caribbean_frugivore_mammal,Source,0,254;Region "Region" true true false 254 Text 0 0,First,#,caribbean_frugivore_bird,Region,0,254,caribbean_frugivore_reptiles,Region,0,254,caribbean_frugivore_mammal,Region,0,254;Status "Status" true true false 254 Text 0 0,First,#,caribbean_frugivore_reptiles,Status,0,254,caribbean_frugivore_mammal,Status,0,254" NO_SOURCE_INFO</Process><Process Name="Copy Features (5)" ToolSource="c:\program files\arcgis\pro\Resources\ArcToolbox\toolboxes\Data Management Tools.tbx\CopyFeatures" Date="20210819" Time="124917">CopyFeatures caribbean_frugivore_avail "C:\Users\Seokmin\Desktop\Miami\Galetti projects\Caribbean_hotspots\Data\caribbean_frugivore_avail_subset.shp" # # # #</Process><Process Name="Multipart To Singlepart" ToolSource="c:\program files\arcgis\pro\Resources\ArcToolbox\toolboxes\Data Management Tools.tbx\MultipartToSinglepart" Date="20210819" Time="133945">MultipartToSinglepart caribbean_frugivore_avail_subset "C:\Users\Seokmin\Desktop\Miami\Galetti projects\Caribbean_hotspots\Data\caribbean_islands.shp"</Process><Process Name="Multipart To Singlepart" ToolSource="c:\program files\arcgis\pro\Resources\ArcToolbox\toolboxes\Data Management Tools.tbx\MultipartToSinglepart" Date="20210908" Time="112619">MultipartToSinglepart caribbean_islands "C:\Users\Seokmin\Desktop\Miami\Galetti projects\Caribbean_hotspots\Scratch\caribbean_islands_MultipartT1.shp"</Process><Process Name="Spatial Join" ToolSource="c:\program files\arcgis\pro\Resources\ArcToolbox\toolboxes\Analysis Tools.tbx\SpatialJoin" Date="20210908" Time="114858">SpatialJoin "Output Feature Class (2):caribbean_islands_MultipartT1" caribbean_island_points "C:\Users\Seokmin\Desktop\Miami\Galetti projects\Caribbean_hotspots\Scratch\caribbean_island_points_Spat4.shp" "Join one to one" KEEP_ALL "ID "ID" true true false 10 Long 0 10,First,#,Output Feature Class (2):caribbean_islands_MultipartT1,ID,-1,-1;Species "Species" true true false 254 Text 0 0,First,#,Output Feature Class (2):caribbean_islands_MultipartT1,Species,0,254;Source "Source" true true false 254 Text 0 0,First,#,Output Feature Class (2):caribbean_islands_MultipartT1,Source,0,254;Region "Region" true true false 254 Text 0 0,First,#,Output Feature Class (2):caribbean_islands_MultipartT1,Region,0,254;Status "Status" true true false 254 Text 0 0,First,#,Output Feature Class (2):caribbean_islands_MultipartT1,Status,0,254;ORIG_FID "ORIG_FID" true true false 10 Long 0 10,First,#,Output Feature Class (2):caribbean_islands_MultipartT1,ORIG_FID,-1,-1;islands_DS "islands_DS" true true false 254 Text 0 0,First,#,caribbean_island_points,islands_DS,0,254;islands_co "islands_co" true true false 254 Text 0 0,First,#,caribbean_island_points,islands_co,0,254;islands_na "islands_na" true true false 254 Text 0 0,First,#,caribbean_island_points,islands_na,0,254;islands__1 "islands__1" true true false 254 Text 0 0,First,#,caribbean_island_points,islands__1,0,254;caribbean_ "caribbean_" true true false 10 Long 0 10,First,#,caribbean_island_points,caribbean_,-1,-1;caribbean1 "caribbean1" true true false 254 Text 0 0,First,#,caribbean_island_points,caribbean1,0,254;caribbea_1 "caribbea_1" true true false 19 Double 0 0,First,#,caribbean_island_points,caribbea_1,-1,-1;caribbea_2 "caribbea_2" true true false 19 Double 0 0,First,#,caribbean_island_points,caribbea_2,-1,-1" Intersect # #</Process><Process ToolSource="c:\program files\arcgis\pro\Resources\ArcToolbox\toolboxes\Data Management Tools.tbx\AddFields" Date="20210908" Time="141151">AddFields caribbean_island_points_Spat4.shp:caribbean_island_points_Spat4 "AREA_GEO DOUBLE # # # #;PERIM_GEO DOUBLE # # # #"</Process><Process Name="Add Geometry Attributes" ToolSource="c:\program files\arcgis\pro\Resources\ArcToolbox\toolboxes\Data Management Tools.tbx\AddGeometryAttributes" Date="20210908" Time="141154">AddGeometryAttributes caribbean_island_points_Spat4.shp:caribbean_island_points_Spat4 AREA_GEODESIC;PERIMETER_LENGTH_GEODESIC Kilometers "Square kilometers" #</Process><Process ToolSource="c:\program files\arcgis\pro\Resources\ArcToolbox\toolboxes\Data Management Tools.tbx\DeleteField" Date="20210908" Time="150150">DeleteField ModelBuilder\caribbean_island_points_Spat4.shp:caribbean_island_points_Spat4 Source</Process><Process ToolSource="c:\program files\arcgis\pro\Resources\ArcToolbox\toolboxes\Data Management Tools.tbx\DeleteField" Date="20210908" Time="150158">DeleteField ModelBuilder\caribbean_island_points_Spat4.shp:caribbean_island_points_Spat4 Join_Count</Process><Process ToolSource="c:\program files\arcgis\pro\Resources\ArcToolbox\toolboxes\Data Management Tools.tbx\DeleteField" Date="20210908" Time="150204">DeleteField ModelBuilder\caribbean_island_points_Spat4.shp:caribbean_island_points_Spat4 TARGET_FID</Process><Process ToolSource="c:\program files\arcgis\pro\Resources\ArcToolbox\toolboxes\Data Management Tools.tbx\DeleteField" Date="20210908" Time="150207">DeleteField ModelBuilder\caribbean_island_points_Spat4.shp:caribbean_island_points_Spat4 ID</Process><Process ToolSource="c:\program files\arcgis\pro\Resources\ArcToolbox\toolboxes\Data Management Tools.tbx\DeleteField" Date="20210908" Time="150211">DeleteField ModelBuilder\caribbean_island_points_Spat4.shp:caribbean_island_points_Spat4 Species</Process><Process ToolSource="c:\program files\arcgis\pro\Resources\ArcToolbox\toolboxes\Data Management Tools.tbx\DeleteField" Date="20210908" Time="150215">DeleteField ModelBuilder\caribbean_island_points_Spat4.shp:caribbean_island_points_Spat4 Region</Process><Process ToolSource="c:\program files\arcgis\pro\Resources\ArcToolbox\toolboxes\Data Management Tools.tbx\DeleteField" Date="20210908" Time="150218">DeleteField ModelBuilder\caribbean_island_points_Spat4.shp:caribbean_island_points_Spat4 Status</Process><Process ToolSource="c:\program files\arcgis\pro\Resources\ArcToolbox\toolboxes\Data Management Tools.tbx\DeleteField" Date="20210908" Time="150238">DeleteField ModelBuilder\caribbean_island_points_Spat4.shp:caribbean_island_points_Spat4 caribbea_1</Process><Process ToolSource="c:\program files\arcgis\pro\Resources\ArcToolbox\toolboxes\Data Management Tools.tbx\DeleteField" Date="20210908" Time="150242">DeleteField ModelBuilder\caribbean_island_points_Spat4.shp:caribbean_island_points_Spat4 caribbea_2</Process><Process ToolSource="c:\program files\arcgis\pro\Resources\ArcToolbox\toolboxes\Data Management Tools.tbx\DeleteField" Date="20210908" Time="150249">DeleteField ModelBuilder\caribbean_island_points_Spat4.shp:caribbean_island_points_Spat4 caribbean_</Process><Process ToolSource="c:\program files\arcgis\pro\Resources\ArcToolbox\toolboxes\Data Management Tools.tbx\DeleteField" Date="20210908" Time="150304">DeleteField ModelBuilder\caribbean_island_points_Spat4.shp:caribbean_island_points_Spat4 islands_na</Process><Process ToolSource="c:\program files\arcgis\pro\Resources\ArcToolbox\toolboxes\Data Management Tools.tbx\DeleteField" Date="20210908" Time="150310">DeleteField ModelBuilder\caribbean_island_points_Spat4.shp:caribbean_island_points_Spat4 islands_DS</Process><Process Name="Copy Features (3)" ToolSource="c:\program files\arcgis\pro\Resources\ArcToolbox\toolboxes\Data Management Tools.tbx\CopyFeatures" Date="20210908" Time="151019">CopyFeatures ModelBuilder\caribbean_island_points_Spat4.shp:caribbean_island_points_Spat4 "C:\Users\Seokmin\Desktop\Miami\Galetti projects\Caribbean_hotspots\Data\select_caribbean_islands.shp" # # # #</Process><Process ToolSource="c:\program files\arcgis\pro\Resources\ArcToolbox\toolboxes\Data Management Tools.tbx\UpdateSchema" Date="20210910" Time="124723">UpdateSchema "CIMDATA=&lt;CIMStandardDataConnection xsi:type='typens:CIMStandardDataConnection' xmlns:xsi='http://www.w3.org/2001/XMLSchema-instance' xmlns:xs='http://www.w3.org/2001/XMLSchema' xmlns:typens='http://www.esri.com/schemas/ArcGIS/2.7.0'&gt;&lt;WorkspaceConnectionString&gt;DATABASE=C:\Users\Seokmin\Desktop\Miami\Galetti projects\Caribbean_hotspots\Data&lt;/WorkspaceConnectionString&gt;&lt;WorkspaceFactory&gt;Shapefile&lt;/WorkspaceFactory&gt;&lt;Dataset&gt;select_caribbean_islands.shp&lt;/Dataset&gt;&lt;DatasetType&gt;esriDTFeatureClass&lt;/DatasetType&gt;&lt;/CIMStandardDataConnection&gt;" &lt;operationSequence&gt;&lt;workflow&gt;&lt;AddField&gt;&lt;field_name&gt;Field&lt;/field_name&gt;&lt;field_type&gt;LONG&lt;/field_type&gt;&lt;field_is_nullable&gt;False&lt;/field_is_nullable&gt;&lt;field_is_required&gt;False&lt;/field_is_required&gt;&lt;/AddField&gt;&lt;/workflow&gt;&lt;/operationSequence&gt;</Process><Process ToolSource="c:\program files\arcgis\pro\Resources\ArcToolbox\toolboxes\Data Management Tools.tbx\CalculateField" Date="20210910" Time="124742">CalculateField select_caribbean_islands Field 1 "Python 3" # Text</Process><Process Name="Near" ToolSource="c:\program files\arcgis\pro\Resources\ArcToolbox\toolboxes\Analysis Tools.tbx\Near" Date="20210915" Time="153520">Near select_caribbean_islands select_caribbean_islands # NO_LOCATION NO_ANGLE Planar "NEAR_FID NEAR_FID;NEAR_DIST NEAR_DIST"</Process><Process ToolSource="c:\program files\arcgis\pro\Resources\ArcToolbox\Toolboxes\Data Management Tools.tbx\DeleteField" Date="20211122" Time="141029">DeleteField select_caribbean_islands NEAR_DIST</Process></lineage><itemProps><itemName Sync="TRUE">select_caribbean_islands</itemName><imsContentType Sync="TRUE">002</imsContentType><itemSize Sync="TRUE">0.000</itemSize><itemLocation><linkage Sync="TRUE">file://\\DESKTOP-FVLRR5P\C$\Users\Seokmin\Desktop\Miami\Galetti projects\Caribbean_hotspots\Data\select_caribbean_islands.shp</linkage><protocol Sync="TRUE">Local Area Network</protocol></itemLocation></itemProps><coordRef><type Sync="TRUE">Geographic</type><geogcsn Sync="TRUE">GCS_WGS_1984</geogcsn><csUnits Sync="TRUE">Angular Unit: Degree (0.017453)</csUnits><peXml Sync="TRUE">&lt;GeographicCoordinateSystem xsi:type='typens:GeographicCoordinateSystem' xmlns:xsi='http://www.w3.org/2001/XMLSchema-instance' xmlns:xs='http://www.w3.org/2001/XMLSchema' xmlns:typens='http://www.esri.com/schemas/ArcGIS/2.7.0'&gt;&lt;WKT&gt;GEOGCS[&amp;quot;GCS_WGS_1984&amp;quot;,DATUM[&amp;quot;D_WGS_1984&amp;quot;,SPHEROID[&amp;quot;WGS_1984&amp;quot;,6378137.0,298.257223563]],PRIMEM[&amp;quot;Greenwich&amp;quot;,0.0],UNIT[&amp;quot;Degree&amp;quot;,0.0174532925199433],AUTHORITY[&amp;quot;EPSG&amp;quot;,4326]]&lt;/WKT&gt;&lt;XOrigin&gt;-400&lt;/XOrigin&gt;&lt;YOrigin&gt;-400&lt;/YOrigin&gt;&lt;XYScale&gt;11258999068426.238&lt;/XYScale&gt;&lt;ZOrigin&gt;-100000&lt;/ZOrigin&gt;&lt;ZScale&gt;10000&lt;/ZScale&gt;&lt;MOrigin&gt;-100000&lt;/MOrigin&gt;&lt;MScale&gt;10000&lt;/MScale&gt;&lt;XYTolerance&gt;8.983152841195215e-09&lt;/XYTolerance&gt;&lt;ZTolerance&gt;0.001&lt;/ZTolerance&gt;&lt;MTolerance&gt;0.001&lt;/MTolerance&gt;&lt;HighPrecision&gt;true&lt;/HighPrecision&gt;&lt;LeftLongitude&gt;-180&lt;/LeftLongitude&gt;&lt;WKID&gt;4326&lt;/WKID&gt;&lt;LatestWKID&gt;4326&lt;/LatestWKID&gt;&lt;/GeographicCoordinateSystem&gt;</peXml></coordRef><LayerFile>{"type":"CIMLayerDocument","version":"2.7.0","build":26828,"layers":["CIMPATH=Map/dbc172d5261a42c0806d73d577874422.xml"],"layerDefinitions":[{"type":"CIMFeatureLayer","name":"select_caribbean_islands","uRI":"CIMPATH=Map/dbc172d5261a42c0806d73d577874422.xml","sourceModifiedTime":{"type":"TimeInstant"},"useSourceMetadata":true,"description":"select_caribbean_islands","layerElevation":{"type":"CIMLayerElevationSurface","mapElevationID":"{39DE9F6C-D293-4476-8792-00770ED6D234}"},"expanded":true,"layerType":"Operational","showLegends":true,"visibility":true,"displayCacheType":"Permanent","maxDisplayCacheAge":5,"showPopups":true,"serviceLayerID":-1,"refreshRate":-1,"refreshRateUnit":"esriTimeUnitsSeconds","blendingMode":"Alpha","autoGenerateFeatureTemplates":true,"featureElevationExpression":"0","featureTable":{"type":"CIMFeatureTable","displayField":"ORIG_FID","editable":true,"dataConnection":{"type":"CIMStandardDataConnection","workspaceConnectionString":"DATABASE=..\\..\\..\\..\\Desktop\\Miami\\Galetti projects\\Caribbean_hotspots\\Submission\\Data\\ISLAND_BIOGEOGRAPHY","workspaceFactory":"Shapefile","dataset":"select_caribbean_islands","datasetType":"esriDTFeatureClass"},"studyAreaSpatialRel":"esriSpatialRelUndefined","searchOrder":"esriSearchOrderSpatial"},"htmlPopupEnabled":true,"selectable":true,"featureCacheType":"Session","displayFiltersType":"ByScale","featureBlendingMode":"Alpha","labelClasses":[{"type":"CIMLabelClass","expressionTitle":"Custom","expression":"$feature['All_Species.SISID']","expressionEngine":"Arcade","featuresToLabel":"AllVisibleFeatures","maplexLabelPlacementProperties":{"type":"CIMMaplexLabelPlacementProperties","featureType":"Polygon","avoidPolygonHoles":true,"canOverrunFeature":true,"canPlaceLabelOutsidePolygon":true,"canRemoveOverlappingLabel":true,"canStackLabel":true,"connectionType":"Unambiguous","constrainOffset":"NoConstraint","contourAlignmentType":"Page","contourLadderType":"Straight","contourMaximumAngle":90,"enableConnection":true,"featureWeight":0,"fontHeightReductionLimit":4,"fontHeightReductionStep":0.5,"fontWidthReductionLimit":90,"fontWidthReductionStep":5,"graticuleAlignmentType":"Straight","keyNumberGroupName":"Default","labelBuffer":15,"labelLargestPolygon":true,"labelPriority":-1,"labelStackingProperties":{"type":"CIMMaplexLabelStackingProperties","stackAlignment":"ChooseBest","maximumNumberOfLines":3,"minimumNumberOfCharsPerLine":3,"maximumNumberOfCharsPerLine":24,"separators":[{"type":"CIMMaplexStackingSeparator","separator":" ","splitAfter":true},{"type":"CIMMaplexStackingSeparator","separator":",","visible":true,"splitAfter":true}]},"lineFeatureType":"General","linePlacementMethod":"OffsetCurvedFromLine","maximumLabelOverrun":80,"maximumLabelOverrunUnit":"Point","minimumFeatureSizeUnit":"Map","multiPartOption":"OneLabelPerPart","offsetAlongLineProperties":{"type":"CIMMaplexOffsetAlongLineProperties","placementMethod":"BestPositionAlongLine","labelAnchorPoint":"CenterOfLabel","distanceUnit":"Percentage","useLineDirection":true},"pointExternalZonePriorities":{"type":"CIMMaplexExternalZonePriorities","aboveLeft":4,"aboveCenter":2,"aboveRight":1,"centerRight":3,"belowRight":5,"belowCenter":7,"belowLeft":8,"centerLeft":6},"pointPlacementMethod":"AroundPoint","polygonAnchorPointType":"GeometricCenter","polygonBoundaryWeight":0,"polygonExternalZones":{"type":"CIMMaplexExternalZonePriorities","aboveLeft":4,"aboveCenter":2,"aboveRight":1,"centerRight":3,"belowRight":5,"belowCenter":7,"belowLeft":8,"centerLeft":6},"polygonFeatureType":"General","polygonInternalZones":{"type":"CIMMaplexInternalZonePriorities","center":1},"polygonPlacementMethod":"HorizontalInPolygon","primaryOffset":1,"primaryOffsetUnit":"Point","removeExtraWhiteSpace":true,"repetitionIntervalUnit":"Point","rotationProperties":{"type":"CIMMaplexRotationProperties","rotationType":"Arithmetic","alignmentType":"Straight"},"secondaryOffset":100,"strategyPriorities":{"type":"CIMMaplexStrategyPriorities","stacking":1,"overrun":2,"fontCompression":3,"fontReduction":4,"abbreviation":5},"thinningDistanceUnit":"Point","truncationMarkerCharacter":".","truncationMinimumLength":1,"truncationPreferredCharacters":"aeiou","truncationExcludedCharacters":"0123456789","polygonAnchorPointPerimeterInsetUnit":"Point"},"name":"Class 1","priority":-1,"standardLabelPlacementProperties":{"type":"CIMStandardLabelPlacementProperties","featureType":"Line","featureWeight":"None","labelWeight":"High","numLabelsOption":"OneLabelPerName","lineLabelPosition":{"type":"CIMStandardLineLabelPosition","above":true,"inLine":true,"parallel":true},"lineLabelPriorities":{"type":"CIMStandardLineLabelPriorities","aboveStart":3,"aboveAlong":3,"aboveEnd":3,"centerStart":3,"centerAlong":3,"centerEnd":3,"belowStart":3,"belowAlong":3,"belowEnd":3},"pointPlacementMethod":"AroundPoint","pointPlacementPriorities":{"type":"CIMStandardPointPlacementPriorities","aboveLeft":2,"aboveCenter":2,"aboveRight":1,"centerLeft":3,"centerRight":2,"belowLeft":3,"belowCenter":3,"belowRight":2},"rotationType":"Arithmetic","polygonPlacementMethod":"AlwaysHorizontal"},"textSymbol":{"type":"CIMSymbolReference","symbol":{"type":"CIMTextSymbol","blockProgression":"TTB","depth3D":1,"extrapolateBaselines":true,"fontEffects":"Normal","fontEncoding":"Unicode","fontFamilyName":"Tahoma","fontStyleName":"Regular","fontType":"Unspecified","haloSize":1,"height":10,"hinting":"Default","horizontalAlignment":"Left","kerning":true,"letterWidth":100,"ligatures":true,"lineGapType":"ExtraLeading","symbol":{"type":"CIMPolygonSymbol","symbolLayers":[{"type":"CIMSolidFill","enable":true,"color":{"type":"CIMRGBColor","values":[0,0,0,100]}}]},"textCase":"Normal","textDirection":"LTR","verticalAlignment":"Bottom","verticalGlyphOrientation":"Right","wordSpacing":100,"billboardMode3D":"FaceNearPlane"}},"useCodedValue":true,"visibility":true,"iD":-1}],"renderer":{"type":"CIMUniqueValueRenderer","colorRamp":{"type":"CIMRandomHSVColorRamp","colorSpace":{"type":"CIMICCColorSpace","url":"Default RGB"},"maxH":360,"minS":15,"maxS":30,"minV":99,"maxV":100,"minAlpha":100,"maxAlpha":100},"defaultLabel":"\u003call other values\u003e","defaultSymbol":{"type":"CIMSymbolReference","symbol":{"type":"CIMPolygonSymbol","symbolLayers":[{"type":"CIMSolidStroke","enable":true,"capStyle":"Round","joinStyle":"Round","lineStyle3D":"Strip","miterLimit":10,"width":0.69999999999999996,"color":{"type":"CIMRGBColor","values":[110,110,110,100]}},{"type":"CIMSolidFill","enable":true,"color":{"type":"CIMRGBColor","values":[130,130,130,100]}}]}},"defaultSymbolPatch":"Default","fields":["caribbean1"],"groups":[{"type":"CIMUniqueValueGroup","classes":[{"type":"CIMUniqueValueClass","label":"Acklins Island","patch":"Default","symbol":{"type":"CIMSymbolReference","symbol":{"type":"CIMPolygonSymbol","symbolLayers":[{"type":"CIMSolidStroke","enable":true,"capStyle":"Round","joinStyle":"Round","lineStyle3D":"Strip","miterLimit":10,"width":0.69999999999999996,"color":{"type":"CIMRGBColor","values":[110,110,110,100]}},{"type":"CIMSolidFill","enable":true,"color":{"type":"CIMHSVColor","values":[154.430000000000007,20.7600000000000016,99.7000000000000028,100]}}]}},"values":[{"type":"CIMUniqueValue","fieldValues":["Acklins Island"]}],"visible":true},{"type":"CIMUniqueValueClass","label":"Anegada","patch":"Default","symbol":{"type":"CIMSymbolReference","symbol":{"type":"CIMPolygonSymbol","symbolLayers":[{"type":"CIMSolidStroke","enable":true,"capStyle":"Round","joinStyle":"Round","lineStyle3D":"Strip","miterLimit":10,"width":0.69999999999999996,"color":{"type":"CIMRGBColor","values":[110,110,110,100]}},{"type":"CIMSolidFill","enable":true,"color":{"type":"CIMHSVColor","values":[313.13,29.3000000000000007,99.0300000000000011,100]}}]}},"values":[{"type":"CIMUniqueValue","fieldValues":["Anegada"]}],"visible":true},{"type":"CIMUniqueValueClass","label":"Anguilla","patch":"Default","symbol":{"type":"CIMSymbolReference","symbol":{"type":"CIMPolygonSymbol","symbolLayers":[{"type":"CIMSolidStroke","enable":true,"capStyle":"Round","joinStyle":"Round","lineStyle3D":"Strip","miterLimit":10,"width":0.69999999999999996,"color":{"type":"CIMRGBColor","values":[110,110,110,100]}},{"type":"CIMSolidFill","enable":true,"color":{"type":"CIMHSVColor","values":[40,28.9600000000000009,99.2900000000000063,100]}}]}},"values":[{"type":"CIMUniqueValue","fieldValues":["Anguilla"]}],"visible":true},{"type":"CIMUniqueValueClass","label":"Antigua","patch":"Default","symbol":{"type":"CIMSymbolReference","symbol":{"type":"CIMPolygonSymbol","symbolLayers":[{"type":"CIMSolidStroke","enable":true,"capStyle":"Round","joinStyle":"Round","lineStyle3D":"Strip","miterLimit":10,"width":0.69999999999999996,"color":{"type":"CIMRGBColor","values":[110,110,110,100]}},{"type":"CIMSolidFill","enable":true,"color":{"type":"CIMHSVColor","values":[210.97,29.7800000000000011,99.019999999999996,100]}}]}},"values":[{"type":"CIMUniqueValue","fieldValues":["Antigua"]}],"visible":true},{"type":"CIMUniqueValueClass","label":"Barbados","patch":"Default","symbol":{"type":"CIMSymbolReference","symbol":{"type":"CIMPolygonSymbol","symbolLayers":[{"type":"CIMSolidStroke","enable":true,"capStyle":"Round","joinStyle":"Round","lineStyle3D":"Strip","miterLimit":10,"width":0.69999999999999996,"color":{"type":"CIMRGBColor","values":[110,110,110,100]}},{"type":"CIMSolidFill","enable":true,"color":{"type":"CIMHSVColor","values":[348.699999999999989,15.9,99.769999999999996,100]}}]}},"values":[{"type":"CIMUniqueValue","fieldValues":["Barbados"]}],"visible":true},{"type":"CIMUniqueValueClass","label":"Barbuda","patch":"Default","symbol":{"type":"CIMSymbolReference","symbol":{"type":"CIMPolygonSymbol","symbolLayers":[{"type":"CIMSolidStroke","enable":true,"capStyle":"Round","joinStyle":"Round","lineStyle3D":"Strip","miterLimit":10,"width":0.69999999999999996,"color":{"type":"CIMRGBColor","values":[110,110,110,100]}},{"type":"CIMSolidFill","enable":true,"color":{"type":"CIMHSVColor","values":[113.97,29.0100000000000016,99.8499999999999943,100]}}]}},"values":[{"type":"CIMUniqueValue","fieldValues":["Barbuda"]}],"visible":true},{"type":"CIMUniqueValueClass","label":"Basse-Terre","patch":"Default","symbol":{"type":"CIMSymbolReference","symbol":{"type":"CIMPolygonSymbol","symbolLayers":[{"type":"CIMSolidStroke","enable":true,"capStyle":"Round","joinStyle":"Round","lineStyle3D":"Strip","miterLimit":10,"width":0.69999999999999996,"color":{"type":"CIMRGBColor","values":[110,110,110,100]}},{"type":"CIMSolidFill","enable":true,"color":{"type":"CIMHSVColor","values":[248.139999999999986,29.7199999999999989,99.1299999999999955,100]}}]}},"values":[{"type":"CIMUniqueValue","fieldValues":["Basse-Terre"]}],"visible":true},{"type":"CIMUniqueValueClass","label":"Bequia","patch":"Default","symbol":{"type":"CIMSymbolReference","symbol":{"type":"CIMPolygonSymbol","symbolLayers":[{"type":"CIMSolidStroke","enable":true,"capStyle":"Round","joinStyle":"Round","lineStyle3D":"Strip","miterLimit":10,"width":0.69999999999999996,"color":{"type":"CIMRGBColor","values":[110,110,110,100]}},{"type":"CIMSolidFill","enable":true,"color":{"type":"CIMHSVColor","values":[259.139999999999986,15.3000000000000007,99.6299999999999955,100]}}]}},"values":[{"type":"CIMUniqueValue","fieldValues":["Bequia"]}],"visible":true},{"type":"CIMUniqueValueClass","label":"Big Wood Cay","patch":"Default","symbol":{"type":"CIMSymbolReference","symbol":{"type":"CIMPolygonSymbol","symbolLayers":[{"type":"CIMSolidStroke","enable":true,"capStyle":"Round","joinStyle":"Round","lineStyle3D":"Strip","miterLimit":10,"width":0.69999999999999996,"color":{"type":"CIMRGBColor","values":[110,110,110,100]}},{"type":"CIMSolidFill","enable":true,"color":{"type":"CIMHSVColor","values":[70.9899999999999949,27.7199999999999989,99.0100000000000051,100]}}]}},"values":[{"type":"CIMUniqueValue","fieldValues":["Big Wood Cay"]}],"visible":true},{"type":"CIMUniqueValueClass","label":"Bimini","patch":"Default","symbol":{"type":"CIMSymbolReference","symbol":{"type":"CIMPolygonSymbol","symbolLayers":[{"type":"CIMSolidStroke","enable":true,"capStyle":"Round","joinStyle":"Round","lineStyle3D":"Strip","miterLimit":10,"width":0.69999999999999996,"color":{"type":"CIMRGBColor","values":[110,110,110,100]}},{"type":"CIMSolidFill","enable":true,"color":{"type":"CIMHSVColor","values":[16.6900000000000013,28.2399999999999984,99.9300000000000068,100]}}]}},"values":[{"type":"CIMUniqueValue","fieldValues":["Bimini"]}],"visible":true},{"type":"CIMUniqueValueClass","label":"Cat Island","patch":"Default","symbol":{"type":"CIMSymbolReference","symbol":{"type":"CIMPolygonSymbol","symbolLayers":[{"type":"CIMSolidStroke","enable":true,"capStyle":"Round","joinStyle":"Round","lineStyle3D":"Strip","miterLimit":10,"width":0.69999999999999996,"color":{"type":"CIMRGBColor","values":[110,110,110,100]}},{"type":"CIMSolidFill","enable":true,"color":{"type":"CIMHSVColor","values":[189.069999999999993,26.9899999999999984,99.4899999999999949,100]}}]}},"values":[{"type":"CIMUniqueValue","fieldValues":["Cat Island"]}],"visible":true},{"type":"CIMUniqueValueClass","label":"Cayman Brac","patch":"Default","symbol":{"type":"CIMSymbolReference","symbol":{"type":"CIMPolygonSymbol","symbolLayers":[{"type":"CIMSolidStroke","enable":true,"capStyle":"Round","joinStyle":"Round","lineStyle3D":"Strip","miterLimit":10,"width":0.69999999999999996,"color":{"type":"CIMRGBColor","values":[110,110,110,100]}},{"type":"CIMSolidFill","enable":true,"color":{"type":"CIMHSVColor","values":[351.13,29.4899999999999984,99.9899999999999949,100]}}]}},"values":[{"type":"CIMUniqueValue","fieldValues":["Cayman Brac"]}],"visible":true},{"type":"CIMUniqueValueClass","label":"Cayo Blanquizal","patch":"Default","symbol":{"type":"CIMSymbolReference","symbol":{"type":"CIMPolygonSymbol","symbolLayers":[{"type":"CIMSolidStroke","enable":true,"capStyle":"Round","joinStyle":"Round","lineStyle3D":"Strip","miterLimit":10,"width":0.69999999999999996,"color":{"type":"CIMRGBColor","values":[110,110,110,100]}},{"type":"CIMSolidFill","enable":true,"color":{"type":"CIMHSVColor","values":[32.2999999999999972,17.1000000000000014,99.2800000000000011,100]}}]}},"values":[{"type":"CIMUniqueValue","fieldValues":["Cayo Blanquizal"]}],"visible":true},{"type":"CIMUniqueValueClass","label":"Cayo Cabeza del Este","patch":"Default","symbol":{"type":"CIMSymbolReference","symbol":{"type":"CIMPolygonSymbol","symbolLayers":[{"type":"CIMSolidStroke","enable":true,"capStyle":"Round","joinStyle":"Round","lineStyle3D":"Strip","miterLimit":10,"width":0.69999999999999996,"color":{"type":"CIMRGBColor","values":[110,110,110,100]}},{"type":"CIMSolidFill","enable":true,"color":{"type":"CIMHSVColor","values":[91.4500000000000028,17.4200000000000017,99.0400000000000063,100]}}]}},"values":[{"type":"CIMUniqueValue","fieldValues":["Cayo Cabeza del Este"]}],"visible":true},{"type":"CIMUniqueValueClass","label":"Cayo Cantiles","patch":"Default","symbol":{"type":"CIMSymbolReference","symbol":{"type":"CIMPolygonSymbol","symbolLayers":[{"type":"CIMSolidStroke","enable":true,"capStyle":"Round","joinStyle":"Round","lineStyle3D":"Strip","miterLimit":10,"width":0.69999999999999996,"color":{"type":"CIMRGBColor","values":[110,110,110,100]}},{"type":"CIMSolidFill","enable":true,"color":{"type":"CIMHSVColor","values":[318.360000000000014,20.16,99.2600000000000051,100]}}]}},"values":[{"type":"CIMUniqueValue","fieldValues":["Cayo Cantiles"]}],"visible":true},{"type":"CIMUniqueValueClass","label":"Cayo Coco","patch":"Default","symbol":{"type":"CIMSymbolReference","symbol":{"type":"CIMPolygonSymbol","symbolLayers":[{"type":"CIMSolidStroke","enable":true,"capStyle":"Round","joinStyle":"Round","lineStyle3D":"Strip","miterLimit":10,"width":0.69999999999999996,"color":{"type":"CIMRGBColor","values":[110,110,110,100]}},{"type":"CIMSolidFill","enable":true,"color":{"type":"CIMHSVColor","values":[278.649999999999977,28.82,99.0100000000000051,100]}}]}},"values":[{"type":"CIMUniqueValue","fieldValues":["Cayo Coco"]}],"visible":true},{"type":"CIMUniqueValueClass","label":"Cayo Cruz","patch":"Default","symbol":{"type":"CIMSymbolReference","symbol":{"type":"CIMPolygonSymbol","symbolLayers":[{"type":"CIMSolidStroke","enable":true,"capStyle":"Round","joinStyle":"Round","lineStyle3D":"Strip","miterLimit":10,"width":0.69999999999999996,"color":{"type":"CIMRGBColor","values":[110,110,110,100]}},{"type":"CIMSolidFill","enable":true,"color":{"type":"CIMHSVColor","values":[124.540000000000006,21.4899999999999984,99.0300000000000011,100]}}]}},"values":[{"type":"CIMUniqueValue","fieldValues":["Cayo Cruz"]}],"visible":true},{"type":"CIMUniqueValueClass","label":"Cayo Cruz del Padre","patch":"Default","symbol":{"type":"CIMSymbolReference","symbol":{"type":"CIMPolygonSymbol","symbolLayers":[{"type":"CIMSolidStroke","enable":true,"capStyle":"Round","joinStyle":"Round","lineStyle3D":"Strip","miterLimit":10,"width":0.69999999999999996,"color":{"type":"CIMRGBColor","values":[110,110,110,100]}},{"type":"CIMSolidFill","enable":true,"color":{"type":"CIMHSVColor","values":[218.77000000000001,15.56,99.2900000000000063,100]}}]}},"values":[{"type":"CIMUniqueValue","fieldValues":["Cayo Cruz del Padre"]}],"visible":true},{"type":"CIMUniqueValueClass","label":"Cayo El Rosario","patch":"Default","symbol":{"type":"CIMSymbolReference","symbol":{"type":"CIMPolygonSymbol","symbolLayers":[{"type":"CIMSolidStroke","enable":true,"capStyle":"Round","joinStyle":"Round","lineStyle3D":"Strip","miterLimit":10,"width":0.69999999999999996,"color":{"type":"CIMRGBColor","values":[110,110,110,100]}},{"type":"CIMSolidFill","enable":true,"color":{"type":"CIMHSVColor","values":[332.730000000000018,29.9600000000000009,99.3100000000000023,100]}}]}},"values":[{"type":"CIMUniqueValue","fieldValues":["Cayo El Rosario"]}],"visible":true},{"type":"CIMUniqueValueClass","label":"Cayo Fragoso","patch":"Default","symbol":{"type":"CIMSymbolReference","symbol":{"type":"CIMPolygonSymbol","symbolLayers":[{"type":"CIMSolidStroke","enable":true,"capStyle":"Round","joinStyle":"Round","lineStyle3D":"Strip","miterLimit":10,"width":0.69999999999999996,"color":{"type":"CIMRGBColor","values":[110,110,110,100]}},{"type":"CIMSolidFill","enable":true,"color":{"type":"CIMHSVColor","values":[261.670000000000016,23.1000000000000014,99.7399999999999949,100]}}]}},"values":[{"type":"CIMUniqueValue","fieldValues":["Cayo Fragoso"]}],"visible":true},{"type":"CIMUniqueValueClass","label":"Cayo Guajaba","patch":"Default","symbol":{"type":"CIMSymbolReference","symbol":{"type":"CIMPolygonSymbol","symbolLayers":[{"type":"CIMSolidStroke","enable":true,"capStyle":"Round","joinStyle":"Round","lineStyle3D":"Strip","miterLimit":10,"width":0.69999999999999996,"color":{"type":"CIMRGBColor","values":[110,110,110,100]}},{"type":"CIMSolidFill","enable":true,"color":{"type":"CIMHSVColor","values":[229.44,23.1700000000000017,99.1899999999999977,100]}}]}},"values":[{"type":"CIMUniqueValue","fieldValues":["Cayo Guajaba"]}],"visible":true},{"type":"CIMUniqueValueClass","label":"Cayo Guillermo","patch":"Default","symbol":{"type":"CIMSymbolReference","symbol":{"type":"CIMPolygonSymbol","symbolLayers":[{"type":"CIMSolidStroke","enable":true,"capStyle":"Round","joinStyle":"Round","lineStyle3D":"Strip","miterLimit":10,"width":0.69999999999999996,"color":{"type":"CIMRGBColor","values":[110,110,110,100]}},{"type":"CIMSolidFill","enable":true,"color":{"type":"CIMHSVColor","values":[59.1499999999999986,17.66,99.519999999999996,100]}}]}},"values":[{"type":"CIMUniqueValue","fieldValues":["Cayo Guillermo"]}],"visible":true},{"type":"CIMUniqueValueClass","label":"Cayo Largo","patch":"Default","symbol":{"type":"CIMSymbolReference","symbol":{"type":"CIMPolygonSymbol","symbolLayers":[{"type":"CIMSolidStroke","enable":true,"capStyle":"Round","joinStyle":"Round","lineStyle3D":"Strip","miterLimit":10,"width":0.69999999999999996,"color":{"type":"CIMRGBColor","values":[110,110,110,100]}},{"type":"CIMSolidFill","enable":true,"color":{"type":"CIMHSVColor","values":[89.6899999999999977,29.52,99.480000000000004,100]}}]}},"values":[{"type":"CIMUniqueValue","fieldValues":["Cayo Largo"]}],"visible":true},{"type":"CIMUniqueValueClass","label":"Cayo pajonal","patch":"Default","symbol":{"type":"CIMSymbolReference","symbol":{"type":"CIMPolygonSymbol","symbolLayers":[{"type":"CIMSolidStroke","enable":true,"capStyle":"Round","joinStyle":"Round","lineStyle3D":"Strip","miterLimit":10,"width":0.69999999999999996,"color":{"type":"CIMRGBColor","values":[110,110,110,100]}},{"type":"CIMSolidFill","enable":true,"color":{"type":"CIMHSVColor","values":[173.72,29.5399999999999991,99.0699999999999932,100]}}]}},"values":[{"type":"CIMUniqueValue","fieldValues":["Cayo pajonal"]}],"visible":true},{"type":"CIMUniqueValueClass","label":"Cayos Cinco Balas","patch":"Default","symbol":{"type":"CIMSymbolReference","symbol":{"type":"CIMPolygonSymbol","symbolLayers":[{"type":"CIMSolidStroke","enable":true,"capStyle":"Round","joinStyle":"Round","lineStyle3D":"Strip","miterLimit":10,"width":0.69999999999999996,"color":{"type":"CIMRGBColor","values":[110,110,110,100]}},{"type":"CIMSolidFill","enable":true,"color":{"type":"CIMHSVColor","values":[173.919999999999987,16.379999999999999,99.1299999999999955,100]}}]}},"values":[{"type":"CIMUniqueValue","fieldValues":["Cayos Cinco Balas"]}],"visible":true},{"type":"CIMUniqueValueClass","label":"Cayos Dromedanos","patch":"Default","symbol":{"type":"CIMSymbolReference","symbol":{"type":"CIMPolygonSymbol","symbolLayers":[{"type":"CIMSolidStroke","enable":true,"capStyle":"Round","joinStyle":"Round","lineStyle3D":"Strip","miterLimit":10,"width":0.69999999999999996,"color":{"type":"CIMRGBColor","values":[110,110,110,100]}},{"type":"CIMSolidFill","enable":true,"color":{"type":"CIMHSVColor","values":[358.519999999999982,22.3099999999999987,99.1800000000000068,100]}}]}},"values":[{"type":"CIMUniqueValue","fieldValues":["Cayos Dromedanos"]}],"visible":true},{"type":"CIMUniqueValueClass","label":"Cayos Falcones","patch":"Default","symbol":{"type":"CIMSymbolReference","symbol":{"type":"CIMPolygonSymbol","symbolLayers":[{"type":"CIMSolidStroke","enable":true,"capStyle":"Round","joinStyle":"Round","lineStyle3D":"Strip","miterLimit":10,"width":0.69999999999999996,"color":{"type":"CIMRGBColor","values":[110,110,110,100]}},{"type":"CIMSolidFill","enable":true,"color":{"type":"CIMHSVColor","values":[287.720000000000027,18.370000000000001,99.980000000000004,100]}}]}},"values":[{"type":"CIMUniqueValue","fieldValues":["Cayos Falcones"]}],"visible":true},{"type":"CIMUniqueValueClass","label":"Crooked Island","patch":"Default","symbol":{"type":"CIMSymbolReference","symbol":{"type":"CIMPolygonSymbol","symbolLayers":[{"type":"CIMSolidStroke","enable":true,"capStyle":"Round","joinStyle":"Round","lineStyle3D":"Strip","miterLimit":10,"width":0.69999999999999996,"color":{"type":"CIMRGBColor","values":[110,110,110,100]}},{"type":"CIMSolidFill","enable":true,"color":{"type":"CIMHSVColor","values":[28.1499999999999986,26.6999999999999993,99.6200000000000045,100]}}]}},"values":[{"type":"CIMUniqueValue","fieldValues":["Crooked Island"]}],"visible":true},{"type":"CIMUniqueValueClass","label":"Cuba","patch":"Default","symbol":{"type":"CIMSymbolReference","symbol":{"type":"CIMPolygonSymbol","symbolLayers":[{"type":"CIMSolidStroke","enable":true,"capStyle":"Round","joinStyle":"Round","lineStyle3D":"Strip","miterLimit":10,"width":0.69999999999999996,"color":{"type":"CIMRGBColor","values":[110,110,110,100]}},{"type":"CIMSolidFill","enable":true,"color":{"type":"CIMHSVColor","values":[292.100000000000023,23.3000000000000007,99.2900000000000063,100]}}]}},"values":[{"type":"CIMUniqueValue","fieldValues":["Cuba"]}],"visible":true},{"type":"CIMUniqueValueClass","label":"Cuba cluster 1","patch":"Default","symbol":{"type":"CIMSymbolReference","symbol":{"type":"CIMPolygonSymbol","symbolLayers":[{"type":"CIMSolidStroke","enable":true,"capStyle":"Round","joinStyle":"Round","lineStyle3D":"Strip","miterLimit":10,"width":0.69999999999999996,"color":{"type":"CIMRGBColor","values":[110,110,110,100]}},{"type":"CIMSolidFill","enable":true,"color":{"type":"CIMHSVColor","values":[152.449999999999989,29.59,99.2399999999999949,100]}}]}},"values":[{"type":"CIMUniqueValue","fieldValues":["Cuba cluster 1"]}],"visible":true},{"type":"CIMUniqueValueClass","label":"Cuba cluster 2","patch":"Default","symbol":{"type":"CIMSymbolReference","symbol":{"type":"CIMPolygonSymbol","symbolLayers":[{"type":"CIMSolidStroke","enable":true,"capStyle":"Round","joinStyle":"Round","lineStyle3D":"Strip","miterLimit":10,"width":0.69999999999999996,"color":{"type":"CIMRGBColor","values":[110,110,110,100]}},{"type":"CIMSolidFill","enable":true,"color":{"type":"CIMHSVColor","values":[202.419999999999987,15.8800000000000008,99.6299999999999955,100]}}]}},"values":[{"type":"CIMUniqueValue","fieldValues":["Cuba cluster 2"]}],"visible":true},{"type":"CIMUniqueValueClass","label":"Cuba cluster 3","patch":"Default","symbol":{"type":"CIMSymbolReference","symbol":{"type":"CIMPolygonSymbol","symbolLayers":[{"type":"CIMSolidStroke","enable":true,"capStyle":"Round","joinStyle":"Round","lineStyle3D":"Strip","miterLimit":10,"width":0.69999999999999996,"color":{"type":"CIMRGBColor","values":[110,110,110,100]}},{"type":"CIMSolidFill","enable":true,"color":{"type":"CIMHSVColor","values":[51.259999999999998,27.16,99.8400000000000034,100]}}]}},"values":[{"type":"CIMUniqueValue","fieldValues":["Cuba cluster 3"]}],"visible":true},{"type":"CIMUniqueValueClass","label":"Cuba cluster 4","patch":"Default","symbol":{"type":"CIMSymbolReference","symbol":{"type":"CIMPolygonSymbol","symbolLayers":[{"type":"CIMSolidStroke","enable":true,"capStyle":"Round","joinStyle":"Round","lineStyle3D":"Strip","miterLimit":10,"width":0.69999999999999996,"color":{"type":"CIMRGBColor","values":[110,110,110,100]}},{"type":"CIMSolidFill","enable":true,"color":{"type":"CIMHSVColor","values":[340.019999999999982,21.1900000000000013,99.8199999999999932,100]}}]}},"values":[{"type":"CIMUniqueValue","fieldValues":["Cuba cluster 4"]}],"visible":true},{"type":"CIMUniqueValueClass","label":"Cuba cluster 5","patch":"Default","symbol":{"type":"CIMSymbolReference","symbol":{"type":"CIMPolygonSymbol","symbolLayers":[{"type":"CIMSolidStroke","enable":true,"capStyle":"Round","joinStyle":"Round","lineStyle3D":"Strip","miterLimit":10,"width":0.69999999999999996,"color":{"type":"CIMRGBColor","values":[110,110,110,100]}},{"type":"CIMSolidFill","enable":true,"color":{"type":"CIMHSVColor","values":[8.50999999999999979,15.07,99.8799999999999955,100]}}]}},"values":[{"type":"CIMUniqueValue","fieldValues":["Cuba cluster 5"]}],"visible":true},{"type":"CIMUniqueValueClass","label":"Cuba cluster 6","patch":"Default","symbol":{"type":"CIMSymbolReference","symbol":{"type":"CIMPolygonSymbol","symbolLayers":[{"type":"CIMSolidStroke","enable":true,"capStyle":"Round","joinStyle":"Round","lineStyle3D":"Strip","miterLimit":10,"width":0.69999999999999996,"color":{"type":"CIMRGBColor","values":[110,110,110,100]}},{"type":"CIMSolidFill","enable":true,"color":{"type":"CIMHSVColor","values":[199.44,26.27,99.9899999999999949,100]}}]}},"values":[{"type":"CIMUniqueValue","fieldValues":["Cuba cluster 6"]}],"visible":true},{"type":"CIMUniqueValueClass","label":"Cuba cluster 7","patch":"Default","symbol":{"type":"CIMSymbolReference","symbol":{"type":"CIMPolygonSymbol","symbolLayers":[{"type":"CIMSolidStroke","enable":true,"capStyle":"Round","joinStyle":"Round","lineStyle3D":"Strip","miterLimit":10,"width":0.69999999999999996,"color":{"type":"CIMRGBColor","values":[110,110,110,100]}},{"type":"CIMSolidFill","enable":true,"color":{"type":"CIMHSVColor","values":[134.349999999999994,29.2800000000000011,99.6099999999999994,100]}}]}},"values":[{"type":"CIMUniqueValue","fieldValues":["Cuba cluster 7"]}],"visible":true},{"type":"CIMUniqueValueClass","label":"Cuba cluster 8","patch":"Default","symbol":{"type":"CIMSymbolReference","symbol":{"type":"CIMPolygonSymbol","symbolLayers":[{"type":"CIMSolidStroke","enable":true,"capStyle":"Round","joinStyle":"Round","lineStyle3D":"Strip","miterLimit":10,"width":0.69999999999999996,"color":{"type":"CIMRGBColor","values":[110,110,110,100]}},{"type":"CIMSolidFill","enable":true,"color":{"type":"CIMHSVColor","values":[131.110000000000014,17.09,99.480000000000004,100]}}]}},"values":[{"type":"CIMUniqueValue","fieldValues":["Cuba cluster 8"]}],"visible":true},{"type":"CIMUniqueValueClass","label":"Cuba cluster 9","patch":"Default","symbol":{"type":"CIMSymbolReference","symbol":{"type":"CIMPolygonSymbol","symbolLayers":[{"type":"CIMSolidStroke","enable":true,"capStyle":"Round","joinStyle":"Round","lineStyle3D":"Strip","miterLimit":10,"width":0.69999999999999996,"color":{"type":"CIMRGBColor","values":[110,110,110,100]}},{"type":"CIMSolidFill","enable":true,"color":{"type":"CIMHSVColor","values":[2.33000000000000007,29.66,99.2399999999999949,100]}}]}},"values":[{"type":"CIMUniqueValue","fieldValues":["Cuba cluster 9"]}],"visible":true},{"type":"CIMUniqueValueClass","label":"Culebra","patch":"Default","symbol":{"type":"CIMSymbolReference","symbol":{"type":"CIMPolygonSymbol","symbolLayers":[{"type":"CIMSolidStroke","enable":true,"capStyle":"Round","joinStyle":"Round","lineStyle3D":"Strip","miterLimit":10,"width":0.69999999999999996,"color":{"type":"CIMRGBColor","values":[110,110,110,100]}},{"type":"CIMSolidFill","enable":true,"color":{"type":"CIMHSVColor","values":[329.170000000000016,24.93,99.5,100]}}]}},"values":[{"type":"CIMUniqueValue","fieldValues":["Culebra"]}],"visible":true},{"type":"CIMUniqueValueClass","label":"Dominica","patch":"Default","symbol":{"type":"CIMSymbolReference","symbol":{"type":"CIMPolygonSymbol","symbolLayers":[{"type":"CIMSolidStroke","enable":true,"capStyle":"Round","joinStyle":"Round","lineStyle3D":"Strip","miterLimit":10,"width":0.69999999999999996,"color":{"type":"CIMRGBColor","values":[110,110,110,100]}},{"type":"CIMSolidFill","enable":true,"color":{"type":"CIMHSVColor","values":[240.97,26.3099999999999987,99.8499999999999943,100]}}]}},"values":[{"type":"CIMUniqueValue","fieldValues":["Dominica"]}],"visible":true},{"type":"CIMUniqueValueClass","label":"East Caicos","patch":"Default","symbol":{"type":"CIMSymbolReference","symbol":{"type":"CIMPolygonSymbol","symbolLayers":[{"type":"CIMSolidStroke","enable":true,"capStyle":"Round","joinStyle":"Round","lineStyle3D":"Strip","miterLimit":10,"width":0.69999999999999996,"color":{"type":"CIMRGBColor","values":[110,110,110,100]}},{"type":"CIMSolidFill","enable":true,"color":{"type":"CIMHSVColor","values":[268.670000000000016,26.4400000000000013,99.9099999999999966,100]}}]}},"values":[{"type":"CIMUniqueValue","fieldValues":["East Caicos"]}],"visible":true},{"type":"CIMUniqueValueClass","label":"Eleuthera","patch":"Default","symbol":{"type":"CIMSymbolReference","symbol":{"type":"CIMPolygonSymbol","symbolLayers":[{"type":"CIMSolidStroke","enable":true,"capStyle":"Round","joinStyle":"Round","lineStyle3D":"Strip","miterLimit":10,"width":0.69999999999999996,"color":{"type":"CIMRGBColor","values":[110,110,110,100]}},{"type":"CIMSolidFill","enable":true,"color":{"type":"CIMHSVColor","values":[92.9000000000000057,23.3500000000000014,99.1599999999999966,100]}}]}},"values":[{"type":"CIMUniqueValue","fieldValues":["Eleuthera"]}],"visible":true},{"type":"CIMUniqueValueClass","label":"Gonave Island","patch":"Default","symbol":{"type":"CIMSymbolReference","symbol":{"type":"CIMPolygonSymbol","symbolLayers":[{"type":"CIMSolidStroke","enable":true,"capStyle":"Round","joinStyle":"Round","lineStyle3D":"Strip","miterLimit":10,"width":0.69999999999999996,"color":{"type":"CIMRGBColor","values":[110,110,110,100]}},{"type":"CIMSolidFill","enable":true,"color":{"type":"CIMHSVColor","values":[110.84,24.9200000000000017,99.6200000000000045,100]}}]}},"values":[{"type":"CIMUniqueValue","fieldValues":["Gonave Island"]}],"visible":true},{"type":"CIMUniqueValueClass","label":"Grand Bahama Island","patch":"Default","symbol":{"type":"CIMSymbolReference","symbol":{"type":"CIMPolygonSymbol","symbolLayers":[{"type":"CIMSolidStroke","enable":true,"capStyle":"Round","joinStyle":"Round","lineStyle3D":"Strip","miterLimit":10,"width":0.69999999999999996,"color":{"type":"CIMRGBColor","values":[110,110,110,100]}},{"type":"CIMSolidFill","enable":true,"color":{"type":"CIMHSVColor","values":[141.740000000000009,27.3299999999999983,99.4399999999999977,100]}}]}},"values":[{"type":"CIMUniqueValue","fieldValues":["Grand Bahama Island"]}],"visible":true},{"type":"CIMUniqueValueClass","label":"Grand Cayman","patch":"Default","symbol":{"type":"CIMSymbolReference","symbol":{"type":"CIMPolygonSymbol","symbolLayers":[{"type":"CIMSolidStroke","enable":true,"capStyle":"Round","joinStyle":"Round","lineStyle3D":"Strip","miterLimit":10,"width":0.69999999999999996,"color":{"type":"CIMRGBColor","values":[110,110,110,100]}},{"type":"CIMSolidFill","enable":true,"color":{"type":"CIMHSVColor","values":[192.789999999999992,20.66,99.6899999999999977,100]}}]}},"values":[{"type":"CIMUniqueValue","fieldValues":["Grand Cayman"]}],"visible":true},{"type":"CIMUniqueValueClass","label":"Grand Turk Island","patch":"Default","symbol":{"type":"CIMSymbolReference","symbol":{"type":"CIMPolygonSymbol","symbolLayers":[{"type":"CIMSolidStroke","enable":true,"capStyle":"Round","joinStyle":"Round","lineStyle3D":"Strip","miterLimit":10,"width":0.69999999999999996,"color":{"type":"CIMRGBColor","values":[110,110,110,100]}},{"type":"CIMSolidFill","enable":true,"color":{"type":"CIMHSVColor","values":[328.20999999999998,17.9600000000000009,99.5499999999999972,100]}}]}},"values":[{"type":"CIMUniqueValue","fieldValues":["Grand Turk Island"]}],"visible":true},{"type":"CIMUniqueValueClass","label":"Grande Cayemite","patch":"Default","symbol":{"type":"CIMSymbolReference","symbol":{"type":"CIMPolygonSymbol","symbolLayers":[{"type":"CIMSolidStroke","enable":true,"capStyle":"Round","joinStyle":"Round","lineStyle3D":"Strip","miterLimit":10,"width":0.69999999999999996,"color":{"type":"CIMRGBColor","values":[110,110,110,100]}},{"type":"CIMSolidFill","enable":true,"color":{"type":"CIMHSVColor","values":[76.0100000000000051,22.8000000000000007,99.7999999999999972,100]}}]}},"values":[{"type":"CIMUniqueValue","fieldValues":["Grande Cayemite"]}],"visible":true},{"type":"CIMUniqueValueClass","label":"Grande-Terre","patch":"Default","symbol":{"type":"CIMSymbolReference","symbol":{"type":"CIMPolygonSymbol","symbolLayers":[{"type":"CIMSolidStroke","enable":true,"capStyle":"Round","joinStyle":"Round","lineStyle3D":"Strip","miterLimit":10,"width":0.69999999999999996,"color":{"type":"CIMRGBColor","values":[110,110,110,100]}},{"type":"CIMSolidFill","enable":true,"color":{"type":"CIMHSVColor","values":[257.230000000000018,27.1000000000000014,99.0799999999999983,100]}}]}},"values":[{"type":"CIMUniqueValue","fieldValues":["Grande-Terre"]}],"visible":true},{"type":"CIMUniqueValueClass","label":"Great Abaco Island","patch":"Default","symbol":{"type":"CIMSymbolReference","symbol":{"type":"CIMPolygonSymbol","symbolLayers":[{"type":"CIMSolidStroke","enable":true,"capStyle":"Round","joinStyle":"Round","lineStyle3D":"Strip","miterLimit":10,"width":0.69999999999999996,"color":{"type":"CIMRGBColor","values":[110,110,110,100]}},{"type":"CIMSolidFill","enable":true,"color":{"type":"CIMHSVColor","values":[161.919999999999987,27.9600000000000009,99.5,100]}}]}},"values":[{"type":"CIMUniqueValue","fieldValues":["Great Abaco Island"]}],"visible":true},{"type":"CIMUniqueValueClass","label":"Great Exuma","patch":"Default","symbol":{"type":"CIMSymbolReference","symbol":{"type":"CIMPolygonSymbol","symbolLayers":[{"type":"CIMSolidStroke","enable":true,"capStyle":"Round","joinStyle":"Round","lineStyle3D":"Strip","miterLimit":10,"width":0.69999999999999996,"color":{"type":"CIMRGBColor","values":[110,110,110,100]}},{"type":"CIMSolidFill","enable":true,"color":{"type":"CIMHSVColor","values":[180.889999999999986,22.4600000000000009,99.0900000000000034,100]}}]}},"values":[{"type":"CIMUniqueValue","fieldValues":["Great Exuma"]}],"visible":true},{"type":"CIMUniqueValueClass","label":"Great Guana Cay","patch":"Default","symbol":{"type":"CIMSymbolReference","symbol":{"type":"CIMPolygonSymbol","symbolLayers":[{"type":"CIMSolidStroke","enable":true,"capStyle":"Round","joinStyle":"Round","lineStyle3D":"Strip","miterLimit":10,"width":0.69999999999999996,"color":{"type":"CIMRGBColor","values":[110,110,110,100]}},{"type":"CIMSolidFill","enable":true,"color":{"type":"CIMHSVColor","values":[8.76999999999999957,26.9499999999999993,99.730000000000004,100]}}]}},"values":[{"type":"CIMUniqueValue","fieldValues":["Great Guana Cay"]}],"visible":true},{"type":"CIMUniqueValueClass","label":"Great Harbour Cay","patch":"Default","symbol":{"type":"CIMSymbolReference","symbol":{"type":"CIMPolygonSymbol","symbolLayers":[{"type":"CIMSolidStroke","enable":true,"capStyle":"Round","joinStyle":"Round","lineStyle3D":"Strip","miterLimit":10,"width":0.69999999999999996,"color":{"type":"CIMRGBColor","values":[110,110,110,100]}},{"type":"CIMSolidFill","enable":true,"color":{"type":"CIMHSVColor","values":[266.38,19.09,99.0400000000000063,100]}}]}},"values":[{"type":"CIMUniqueValue","fieldValues":["Great Harbour Cay"]}],"visible":true},{"type":"CIMUniqueValueClass","label":"Great Inagua Island","patch":"Default","symbol":{"type":"CIMSymbolReference","symbol":{"type":"CIMPolygonSymbol","symbolLayers":[{"type":"CIMSolidStroke","enable":true,"capStyle":"Round","joinStyle":"Round","lineStyle3D":"Strip","miterLimit":10,"width":0.69999999999999996,"color":{"type":"CIMRGBColor","values":[110,110,110,100]}},{"type":"CIMSolidFill","enable":true,"color":{"type":"CIMHSVColor","values":[303.230000000000018,19.93,99.9899999999999949,100]}}]}},"values":[{"type":"CIMUniqueValue","fieldValues":["Great Inagua Island"]}],"visible":true},{"type":"CIMUniqueValueClass","label":"Grenada","patch":"Default","symbol":{"type":"CIMSymbolReference","symbol":{"type":"CIMPolygonSymbol","symbolLayers":[{"type":"CIMSolidStroke","enable":true,"capStyle":"Round","joinStyle":"Round","lineStyle3D":"Strip","miterLimit":10,"width":0.69999999999999996,"color":{"type":"CIMRGBColor","values":[110,110,110,100]}},{"type":"CIMSolidFill","enable":true,"color":{"type":"CIMHSVColor","values":[224.490000000000009,18.27,99.2099999999999937,100]}}]}},"values":[{"type":"CIMUniqueValue","fieldValues":["Grenada"]}],"visible":true},{"type":"CIMUniqueValueClass","label":"Hispaniola","patch":"Default","symbol":{"type":"CIMSymbolReference","symbol":{"type":"CIMPolygonSymbol","symbolLayers":[{"type":"CIMSolidStroke","enable":true,"capStyle":"Round","joinStyle":"Round","lineStyle3D":"Strip","miterLimit":10,"width":0.69999999999999996,"color":{"type":"CIMRGBColor","values":[110,110,110,100]}},{"type":"CIMSolidFill","enable":true,"color":{"type":"CIMHSVColor","values":[304.490000000000009,29.8299999999999983,99.2800000000000011,100]}}]}},"values":[{"type":"CIMUniqueValue","fieldValues":["Hispaniola"]}],"visible":true},{"type":"CIMUniqueValueClass","label":"Isla Mona","patch":"Default","symbol":{"type":"CIMSymbolReference","symbol":{"type":"CIMPolygonSymbol","symbolLayers":[{"type":"CIMSolidStroke","enable":true,"capStyle":"Round","joinStyle":"Round","lineStyle3D":"Strip","miterLimit":10,"width":0.69999999999999996,"color":{"type":"CIMRGBColor","values":[110,110,110,100]}},{"type":"CIMSolidFill","enable":true,"color":{"type":"CIMHSVColor","values":[291.800000000000011,15.01,99.5,100]}}]}},"values":[{"type":"CIMUniqueValue","fieldValues":["Isla Mona"]}],"visible":true},{"type":"CIMUniqueValueClass","label":"Isla Saona","patch":"Default","symbol":{"type":"CIMSymbolReference","symbol":{"type":"CIMPolygonSymbol","symbolLayers":[{"type":"CIMSolidStroke","enable":true,"capStyle":"Round","joinStyle":"Round","lineStyle3D":"Strip","miterLimit":10,"width":0.69999999999999996,"color":{"type":"CIMRGBColor","values":[110,110,110,100]}},{"type":"CIMSolidFill","enable":true,"color":{"type":"CIMHSVColor","values":[323.470000000000027,28.93,99.6500000000000057,100]}}]}},"values":[{"type":"CIMUniqueValue","fieldValues":["Isla Saona"]}],"visible":true},{"type":"CIMUniqueValueClass","label":"Isla de la Juventud","patch":"Default","symbol":{"type":"CIMSymbolReference","symbol":{"type":"CIMPolygonSymbol","symbolLayers":[{"type":"CIMSolidStroke","enable":true,"capStyle":"Round","joinStyle":"Round","lineStyle3D":"Strip","miterLimit":10,"width":0.69999999999999996,"color":{"type":"CIMRGBColor","values":[110,110,110,100]}},{"type":"CIMSolidFill","enable":true,"color":{"type":"CIMHSVColor","values":[167.27000000000001,20.9899999999999984,99.7199999999999989,100]}}]}},"values":[{"type":"CIMUniqueValue","fieldValues":["Isla de la Juventud"]}],"visible":true},{"type":"CIMUniqueValueClass","label":"Jamaica","patch":"Default","symbol":{"type":"CIMSymbolReference","symbol":{"type":"CIMPolygonSymbol","symbolLayers":[{"type":"CIMSolidStroke","enable":true,"capStyle":"Round","joinStyle":"Round","lineStyle3D":"Strip","miterLimit":10,"width":0.69999999999999996,"color":{"type":"CIMRGBColor","values":[110,110,110,100]}},{"type":"CIMSolidFill","enable":true,"color":{"type":"CIMHSVColor","values":[59.1099999999999994,26.629999999999999,99.4300000000000068,100]}}]}},"values":[{"type":"CIMUniqueValue","fieldValues":["Jamaica"]}],"visible":true},{"type":"CIMUniqueValueClass","label":"Jaragua","patch":"Default","symbol":{"type":"CIMSymbolReference","symbol":{"type":"CIMPolygonSymbol","symbolLayers":[{"type":"CIMSolidStroke","enable":true,"capStyle":"Round","joinStyle":"Round","lineStyle3D":"Strip","miterLimit":10,"width":0.69999999999999996,"color":{"type":"CIMRGBColor","values":[110,110,110,100]}},{"type":"CIMSolidFill","enable":true,"color":{"type":"CIMHSVColor","values":[35.4399999999999977,22.07,99.7600000000000051,100]}}]}},"values":[{"type":"CIMUniqueValue","fieldValues":["Jaragua"]}],"visible":true},{"type":"CIMUniqueValueClass","label":"La Désirade","patch":"Default","symbol":{"type":"CIMSymbolReference","symbol":{"type":"CIMPolygonSymbol","symbolLayers":[{"type":"CIMSolidStroke","enable":true,"capStyle":"Round","joinStyle":"Round","lineStyle3D":"Strip","miterLimit":10,"width":0.69999999999999996,"color":{"type":"CIMRGBColor","values":[110,110,110,100]}},{"type":"CIMSolidFill","enable":true,"color":{"type":"CIMHSVColor","values":[277.069999999999993,23.2899999999999991,99.1500000000000057,100]}}]}},"values":[{"type":"CIMUniqueValue","fieldValues":["La Désirade"]}],"visible":true},{"type":"CIMUniqueValueClass","label":"Little Abaco Island","patch":"Default","symbol":{"type":"CIMSymbolReference","symbol":{"type":"CIMPolygonSymbol","symbolLayers":[{"type":"CIMSolidStroke","enable":true,"capStyle":"Round","joinStyle":"Round","lineStyle3D":"Strip","miterLimit":10,"width":0.69999999999999996,"color":{"type":"CIMRGBColor","values":[110,110,110,100]}},{"type":"CIMSolidFill","enable":true,"color":{"type":"CIMHSVColor","values":[157.259999999999991,15.3599999999999994,99.6400000000000006,100]}}]}},"values":[{"type":"CIMUniqueValue","fieldValues":["Little Abaco Island"]}],"visible":true},{"type":"CIMUniqueValueClass","label":"Little Cayman","patch":"Default","symbol":{"type":"CIMSymbolReference","symbol":{"type":"CIMPolygonSymbol","symbolLayers":[{"type":"CIMSolidStroke","enable":true,"capStyle":"Round","joinStyle":"Round","lineStyle3D":"Strip","miterLimit":10,"width":0.69999999999999996,"color":{"type":"CIMRGBColor","values":[110,110,110,100]}},{"type":"CIMSolidFill","enable":true,"color":{"type":"CIMHSVColor","values":[20.2899999999999991,24.32,99.9200000000000017,100]}}]}},"values":[{"type":"CIMUniqueValue","fieldValues":["Little Cayman"]}],"visible":true},{"type":"CIMUniqueValueClass","label":"Little Exuma","patch":"Default","symbol":{"type":"CIMSymbolReference","symbol":{"type":"CIMPolygonSymbol","symbolLayers":[{"type":"CIMSolidStroke","enable":true,"capStyle":"Round","joinStyle":"Round","lineStyle3D":"Strip","miterLimit":10,"width":0.69999999999999996,"color":{"type":"CIMRGBColor","values":[110,110,110,100]}},{"type":"CIMSolidFill","enable":true,"color":{"type":"CIMHSVColor","values":[142.22999999999999,23.1999999999999993,99.2000000000000028,100]}}]}},"values":[{"type":"CIMUniqueValue","fieldValues":["Little Exuma"]}],"visible":true},{"type":"CIMUniqueValueClass","label":"Little Inagua","patch":"Default","symbol":{"type":"CIMSymbolReference","symbol":{"type":"CIMPolygonSymbol","symbolLayers":[{"type":"CIMSolidStroke","enable":true,"capStyle":"Round","joinStyle":"Round","lineStyle3D":"Strip","miterLimit":10,"width":0.69999999999999996,"color":{"type":"CIMRGBColor","values":[110,110,110,100]}},{"type":"CIMSolidFill","enable":true,"color":{"type":"CIMHSVColor","values":[247.069999999999993,22.629999999999999,99.5699999999999932,100]}}]}},"values":[{"type":"CIMUniqueValue","fieldValues":["Little Inagua"]}],"visible":true},{"type":"CIMUniqueValueClass","label":"Long Cay","patch":"Default","symbol":{"type":"CIMSymbolReference","symbol":{"type":"CIMPolygonSymbol","symbolLayers":[{"type":"CIMSolidStroke","enable":true,"capStyle":"Round","joinStyle":"Round","lineStyle3D":"Strip","miterLimit":10,"width":0.69999999999999996,"color":{"type":"CIMRGBColor","values":[110,110,110,100]}},{"type":"CIMSolidFill","enable":true,"color":{"type":"CIMHSVColor","values":[106.7,19.3500000000000014,99.4300000000000068,100]}}]}},"values":[{"type":"CIMUniqueValue","fieldValues":["Long Cay"]}],"visible":true},{"type":"CIMUniqueValueClass","label":"Long Island","patch":"Default","symbol":{"type":"CIMSymbolReference","symbol":{"type":"CIMPolygonSymbol","symbolLayers":[{"type":"CIMSolidStroke","enable":true,"capStyle":"Round","joinStyle":"Round","lineStyle3D":"Strip","miterLimit":10,"width":0.69999999999999996,"color":{"type":"CIMRGBColor","values":[110,110,110,100]}},{"type":"CIMSolidFill","enable":true,"color":{"type":"CIMHSVColor","values":[69.9099999999999966,19.4499999999999993,99.2600000000000051,100]}}]}},"values":[{"type":"CIMUniqueValue","fieldValues":["Long Island"]}],"visible":true},{"type":"CIMUniqueValueClass","label":"Mangrove Cay","patch":"Default","symbol":{"type":"CIMSymbolReference","symbol":{"type":"CIMPolygonSymbol","symbolLayers":[{"type":"CIMSolidStroke","enable":true,"capStyle":"Round","joinStyle":"Round","lineStyle3D":"Strip","miterLimit":10,"width":0.69999999999999996,"color":{"type":"CIMRGBColor","values":[110,110,110,100]}},{"type":"CIMSolidFill","enable":true,"color":{"type":"CIMHSVColor","values":[43.5499999999999972,15,99.2900000000000063,100]}}]}},"values":[{"type":"CIMUniqueValue","fieldValues":["Mangrove Cay"]}],"visible":true},{"type":"CIMUniqueValueClass","label":"Martinique","patch":"Default","symbol":{"type":"CIMSymbolReference","symbol":{"type":"CIMPolygonSymbol","symbolLayers":[{"type":"CIMSolidStroke","enable":true,"capStyle":"Round","joinStyle":"Round","lineStyle3D":"Strip","miterLimit":10,"width":0.69999999999999996,"color":{"type":"CIMRGBColor","values":[110,110,110,100]}},{"type":"CIMSolidFill","enable":true,"color":{"type":"CIMHSVColor","values":[27.6099999999999994,20.9499999999999993,99.7099999999999937,100]}}]}},"values":[{"type":"CIMUniqueValue","fieldValues":["Martinique"]}],"visible":true},{"type":"CIMUniqueValueClass","label":"Mayaguana","patch":"Default","symbol":{"type":"CIMSymbolReference","symbol":{"type":"CIMPolygonSymbol","symbolLayers":[{"type":"CIMSolidStroke","enable":true,"capStyle":"Round","joinStyle":"Round","lineStyle3D":"Strip","miterLimit":10,"width":0.69999999999999996,"color":{"type":"CIMRGBColor","values":[110,110,110,100]}},{"type":"CIMSolidFill","enable":true,"color":{"type":"CIMHSVColor","values":[291.670000000000016,25.9200000000000017,99.0400000000000063,100]}}]}},"values":[{"type":"CIMUniqueValue","fieldValues":["Mayaguana"]}],"visible":true},{"type":"CIMUniqueValueClass","label":"Mbres Island","patch":"Default","symbol":{"type":"CIMSymbolReference","symbol":{"type":"CIMPolygonSymbol","symbolLayers":[{"type":"CIMSolidStroke","enable":true,"capStyle":"Round","joinStyle":"Round","lineStyle3D":"Strip","miterLimit":10,"width":0.69999999999999996,"color":{"type":"CIMRGBColor","values":[110,110,110,100]}},{"type":"CIMSolidFill","enable":true,"color":{"type":"CIMHSVColor","values":[111.569999999999993,15.1999999999999993,99.3100000000000023,100]}}]}},"values":[{"type":"CIMUniqueValue","fieldValues":["Mbres Island"]}],"visible":true},{"type":"CIMUniqueValueClass","label":"Middle Caicos","patch":"Default","symbol":{"type":"CIMSymbolReference","symbol":{"type":"CIMPolygonSymbol","symbolLayers":[{"type":"CIMSolidStroke","enable":true,"capStyle":"Round","joinStyle":"Round","lineStyle3D":"Strip","miterLimit":10,"width":0.69999999999999996,"color":{"type":"CIMRGBColor","values":[110,110,110,100]}},{"type":"CIMSolidFill","enable":true,"color":{"type":"CIMHSVColor","values":[220.080000000000013,23.8299999999999983,99.8799999999999955,100]}}]}},"values":[{"type":"CIMUniqueValue","fieldValues":["Middle Caicos"]}],"visible":true},{"type":"CIMUniqueValueClass","label":"Montserrat","patch":"Default","symbol":{"type":"CIMSymbolReference","symbol":{"type":"CIMPolygonSymbol","symbolLayers":[{"type":"CIMSolidStroke","enable":true,"capStyle":"Round","joinStyle":"Round","lineStyle3D":"Strip","miterLimit":10,"width":0.69999999999999996,"color":{"type":"CIMRGBColor","values":[110,110,110,100]}},{"type":"CIMSolidFill","enable":true,"color":{"type":"CIMHSVColor","values":[359.12,26.0799999999999983,99.5900000000000034,100]}}]}},"values":[{"type":"CIMUniqueValue","fieldValues":["Montserrat"]}],"visible":true},{"type":"CIMUniqueValueClass","label":"Nevis","patch":"Default","symbol":{"type":"CIMSymbolReference","symbol":{"type":"CIMPolygonSymbol","symbolLayers":[{"type":"CIMSolidStroke","enable":true,"capStyle":"Round","joinStyle":"Round","lineStyle3D":"Strip","miterLimit":10,"width":0.69999999999999996,"color":{"type":"CIMRGBColor","values":[110,110,110,100]}},{"type":"CIMSolidFill","enable":true,"color":{"type":"CIMHSVColor","values":[2.54999999999999982,16.77,99.7800000000000011,100]}}]}},"values":[{"type":"CIMUniqueValue","fieldValues":["Nevis"]}],"visible":true},{"type":"CIMUniqueValueClass","label":"New Providence","patch":"Default","symbol":{"type":"CIMSymbolReference","symbol":{"type":"CIMPolygonSymbol","symbolLayers":[{"type":"CIMSolidStroke","enable":true,"capStyle":"Round","joinStyle":"Round","lineStyle3D":"Strip","miterLimit":10,"width":0.69999999999999996,"color":{"type":"CIMRGBColor","values":[110,110,110,100]}},{"type":"CIMSolidFill","enable":true,"color":{"type":"CIMHSVColor","values":[343.029999999999973,28.48,99.7900000000000063,100]}}]}},"values":[{"type":"CIMUniqueValue","fieldValues":["New Providence"]}],"visible":true},{"type":"CIMUniqueValueClass","label":"North Andros","patch":"Default","symbol":{"type":"CIMSymbolReference","symbol":{"type":"CIMPolygonSymbol","symbolLayers":[{"type":"CIMSolidStroke","enable":true,"capStyle":"Round","joinStyle":"Round","lineStyle3D":"Strip","miterLimit":10,"width":0.69999999999999996,"color":{"type":"CIMRGBColor","values":[110,110,110,100]}},{"type":"CIMSolidFill","enable":true,"color":{"type":"CIMHSVColor","values":[238.62,15.85,99.769999999999996,100]}}]}},"values":[{"type":"CIMUniqueValue","fieldValues":["North Andros"]}],"visible":true},{"type":"CIMUniqueValueClass","label":"North Caicos","patch":"Default","symbol":{"type":"CIMSymbolReference","symbol":{"type":"CIMPolygonSymbol","symbolLayers":[{"type":"CIMSolidStroke","enable":true,"capStyle":"Round","joinStyle":"Round","lineStyle3D":"Strip","miterLimit":10,"width":0.69999999999999996,"color":{"type":"CIMRGBColor","values":[110,110,110,100]}},{"type":"CIMSolidFill","enable":true,"color":{"type":"CIMHSVColor","values":[10.1,23.5500000000000007,99.0100000000000051,100]}}]}},"values":[{"type":"CIMUniqueValue","fieldValues":["North Caicos"]}],"visible":true},{"type":"CIMUniqueValueClass","label":"Providenciales","patch":"Default","symbol":{"type":"CIMSymbolReference","symbol":{"type":"CIMPolygonSymbol","symbolLayers":[{"type":"CIMSolidStroke","enable":true,"capStyle":"Round","joinStyle":"Round","lineStyle3D":"Strip","miterLimit":10,"width":0.69999999999999996,"color":{"type":"CIMRGBColor","values":[110,110,110,100]}},{"type":"CIMSolidFill","enable":true,"color":{"type":"CIMHSVColor","values":[61.2299999999999969,22.18,99.8199999999999932,100]}}]}},"values":[{"type":"CIMUniqueValue","fieldValues":["Providenciales"]}],"visible":true},{"type":"CIMUniqueValueClass","label":"Puerto Rico","patch":"Default","symbol":{"type":"CIMSymbolReference","symbol":{"type":"CIMPolygonSymbol","symbolLayers":[{"type":"CIMSolidStroke","enable":true,"capStyle":"Round","joinStyle":"Round","lineStyle3D":"Strip","miterLimit":10,"width":0.69999999999999996,"color":{"type":"CIMRGBColor","values":[110,110,110,100]}},{"type":"CIMSolidFill","enable":true,"color":{"type":"CIMHSVColor","values":[83.2900000000000063,26.9200000000000017,99.0499999999999972,100]}}]}},"values":[{"type":"CIMUniqueValue","fieldValues":["Puerto Rico"]}],"visible":true},{"type":"CIMUniqueValueClass","label":"Ragged Island","patch":"Default","symbol":{"type":"CIMSymbolReference","symbol":{"type":"CIMPolygonSymbol","symbolLayers":[{"type":"CIMSolidStroke","enable":true,"capStyle":"Round","joinStyle":"Round","lineStyle3D":"Strip","miterLimit":10,"width":0.69999999999999996,"color":{"type":"CIMRGBColor","values":[110,110,110,100]}},{"type":"CIMSolidFill","enable":true,"color":{"type":"CIMHSVColor","values":[213.680000000000007,21.3999999999999986,99.5799999999999983,100]}}]}},"values":[{"type":"CIMUniqueValue","fieldValues":["Ragged Island"]}],"visible":true},{"type":"CIMUniqueValueClass","label":"Rum Cay","patch":"Default","symbol":{"type":"CIMSymbolReference","symbol":{"type":"CIMPolygonSymbol","symbolLayers":[{"type":"CIMSolidStroke","enable":true,"capStyle":"Round","joinStyle":"Round","lineStyle3D":"Strip","miterLimit":10,"width":0.69999999999999996,"color":{"type":"CIMRGBColor","values":[110,110,110,100]}},{"type":"CIMSolidFill","enable":true,"color":{"type":"CIMHSVColor","values":[349.25,19.3299999999999983,99.730000000000004,100]}}]}},"values":[{"type":"CIMUniqueValue","fieldValues":["Rum Cay"]}],"visible":true},{"type":"CIMUniqueValueClass","label":"Saba","patch":"Default","symbol":{"type":"CIMSymbolReference","symbol":{"type":"CIMPolygonSymbol","symbolLayers":[{"type":"CIMSolidStroke","enable":true,"capStyle":"Round","joinStyle":"Round","lineStyle3D":"Strip","miterLimit":10,"width":0.69999999999999996,"color":{"type":"CIMRGBColor","values":[110,110,110,100]}},{"type":"CIMSolidFill","enable":true,"color":{"type":"CIMHSVColor","values":[234.34,25.129999999999999,99.8700000000000045,100]}}]}},"values":[{"type":"CIMUniqueValue","fieldValues":["Saba"]}],"visible":true},{"type":"CIMUniqueValueClass","label":"Saint Barthelemy","patch":"Default","symbol":{"type":"CIMSymbolReference","symbol":{"type":"CIMPolygonSymbol","symbolLayers":[{"type":"CIMSolidStroke","enable":true,"capStyle":"Round","joinStyle":"Round","lineStyle3D":"Strip","miterLimit":10,"width":0.69999999999999996,"color":{"type":"CIMRGBColor","values":[110,110,110,100]}},{"type":"CIMSolidFill","enable":true,"color":{"type":"CIMHSVColor","values":[185,15.85,99.4099999999999966,100]}}]}},"values":[{"type":"CIMUniqueValue","fieldValues":["Saint Barthelemy"]}],"visible":true},{"type":"CIMUniqueValueClass","label":"Saint Croix","patch":"Default","symbol":{"type":"CIMSymbolReference","symbol":{"type":"CIMPolygonSymbol","symbolLayers":[{"type":"CIMSolidStroke","enable":true,"capStyle":"Round","joinStyle":"Round","lineStyle3D":"Strip","miterLimit":10,"width":0.69999999999999996,"color":{"type":"CIMRGBColor","values":[110,110,110,100]}},{"type":"CIMSolidFill","enable":true,"color":{"type":"CIMHSVColor","values":[182.47999999999999,29.1499999999999986,99.5400000000000063,100]}}]}},"values":[{"type":"CIMUniqueValue","fieldValues":["Saint Croix"]}],"visible":true},{"type":"CIMUniqueValueClass","label":"Saint Eustatius","patch":"Default","symbol":{"type":"CIMSymbolReference","symbol":{"type":"CIMPolygonSymbol","symbolLayers":[{"type":"CIMSolidStroke","enable":true,"capStyle":"Round","joinStyle":"Round","lineStyle3D":"Strip","miterLimit":10,"width":0.69999999999999996,"color":{"type":"CIMRGBColor","values":[110,110,110,100]}},{"type":"CIMSolidFill","enable":true,"color":{"type":"CIMHSVColor","values":[45.2299999999999969,21.9699999999999989,99.230000000000004,100]}}]}},"values":[{"type":"CIMUniqueValue","fieldValues":["Saint Eustatius"]}],"visible":true},{"type":"CIMUniqueValueClass","label":"Saint Kitts","patch":"Default","symbol":{"type":"CIMSymbolReference","symbol":{"type":"CIMPolygonSymbol","symbolLayers":[{"type":"CIMSolidStroke","enable":true,"capStyle":"Round","joinStyle":"Round","lineStyle3D":"Strip","miterLimit":10,"width":0.69999999999999996,"color":{"type":"CIMRGBColor","values":[110,110,110,100]}},{"type":"CIMSolidFill","enable":true,"color":{"type":"CIMHSVColor","values":[343.910000000000025,25.120000000000001,99.4699999999999989,100]}}]}},"values":[{"type":"CIMUniqueValue","fieldValues":["Saint Kitts"]}],"visible":true},{"type":"CIMUniqueValueClass","label":"Saint Lucia","patch":"Default","symbol":{"type":"CIMSymbolReference","symbol":{"type":"CIMPolygonSymbol","symbolLayers":[{"type":"CIMSolidStroke","enable":true,"capStyle":"Round","joinStyle":"Round","lineStyle3D":"Strip","miterLimit":10,"width":0.69999999999999996,"color":{"type":"CIMRGBColor","values":[110,110,110,100]}},{"type":"CIMSolidFill","enable":true,"color":{"type":"CIMHSVColor","values":[333.639999999999986,15.51,99.9599999999999937,100]}}]}},"values":[{"type":"CIMUniqueValue","fieldValues":["Saint Lucia"]}],"visible":true},{"type":"CIMUniqueValueClass","label":"Saint Martin","patch":"Default","symbol":{"type":"CIMSymbolReference","symbol":{"type":"CIMPolygonSymbol","symbolLayers":[{"type":"CIMSolidStroke","enable":true,"capStyle":"Round","joinStyle":"Round","lineStyle3D":"Strip","miterLimit":10,"width":0.69999999999999996,"color":{"type":"CIMRGBColor","values":[110,110,110,100]}},{"type":"CIMSolidFill","enable":true,"color":{"type":"CIMHSVColor","values":[206.53,27.370000000000001,99.3400000000000034,100]}}]}},"values":[{"type":"CIMUniqueValue","fieldValues":["Saint Martin"]}],"visible":true},{"type":"CIMUniqueValueClass","label":"Saint Vincent","patch":"Default","symbol":{"type":"CIMSymbolReference","symbol":{"type":"CIMPolygonSymbol","symbolLayers":[{"type":"CIMSolidStroke","enable":true,"capStyle":"Round","joinStyle":"Round","lineStyle3D":"Strip","miterLimit":10,"width":0.69999999999999996,"color":{"type":"CIMRGBColor","values":[110,110,110,100]}},{"type":"CIMSolidFill","enable":true,"color":{"type":"CIMHSVColor","values":[312.45999999999998,16.59,99.7199999999999989,100]}}]}},"values":[{"type":"CIMUniqueValue","fieldValues":["Saint Vincent"]}],"visible":true},{"type":"CIMUniqueValueClass","label":"Saint-Louis","patch":"Default","symbol":{"type":"CIMSymbolReference","symbol":{"type":"CIMPolygonSymbol","symbolLayers":[{"type":"CIMSolidStroke","enable":true,"capStyle":"Round","joinStyle":"Round","lineStyle3D":"Strip","miterLimit":10,"width":0.69999999999999996,"color":{"type":"CIMRGBColor","values":[110,110,110,100]}},{"type":"CIMSolidFill","enable":true,"color":{"type":"CIMHSVColor","values":[87.4699999999999989,20.7800000000000011,99.4399999999999977,100]}}]}},"values":[{"type":"CIMUniqueValue","fieldValues":["Saint-Louis"]}],"visible":true},{"type":"CIMUniqueValueClass","label":"Samana Cay","patch":"Default","symbol":{"type":"CIMSymbolReference","symbol":{"type":"CIMPolygonSymbol","symbolLayers":[{"type":"CIMSolidStroke","enable":true,"capStyle":"Round","joinStyle":"Round","lineStyle3D":"Strip","miterLimit":10,"width":0.69999999999999996,"color":{"type":"CIMRGBColor","values":[110,110,110,100]}},{"type":"CIMSolidFill","enable":true,"color":{"type":"CIMHSVColor","values":[264.970000000000027,29.59,99.1599999999999966,100]}}]}},"values":[{"type":"CIMUniqueValue","fieldValues":["Samana Cay"]}],"visible":true},{"type":"CIMUniqueValueClass","label":"San Salvador Island","patch":"Default","symbol":{"type":"CIMSymbolReference","symbol":{"type":"CIMPolygonSymbol","symbolLayers":[{"type":"CIMSolidStroke","enable":true,"capStyle":"Round","joinStyle":"Round","lineStyle3D":"Strip","miterLimit":10,"width":0.69999999999999996,"color":{"type":"CIMRGBColor","values":[110,110,110,100]}},{"type":"CIMSolidFill","enable":true,"color":{"type":"CIMHSVColor","values":[206.69,21.2600000000000016,99.75,100]}}]}},"values":[{"type":"CIMUniqueValue","fieldValues":["San Salvador Island"]}],"visible":true},{"type":"CIMUniqueValueClass","label":"South Andros","patch":"Default","symbol":{"type":"CIMSymbolReference","symbol":{"type":"CIMPolygonSymbol","symbolLayers":[{"type":"CIMSolidStroke","enable":true,"capStyle":"Round","joinStyle":"Round","lineStyle3D":"Strip","miterLimit":10,"width":0.69999999999999996,"color":{"type":"CIMRGBColor","values":[110,110,110,100]}},{"type":"CIMSolidFill","enable":true,"color":{"type":"CIMHSVColor","values":[59.7000000000000028,29.8099999999999987,99.9200000000000017,100]}}]}},"values":[{"type":"CIMUniqueValue","fieldValues":["South Andros"]}],"visible":true},{"type":"CIMUniqueValueClass","label":"South Caicos","patch":"Default","symbol":{"type":"CIMSymbolReference","symbol":{"type":"CIMPolygonSymbol","symbolLayers":[{"type":"CIMSolidStroke","enable":true,"capStyle":"Round","joinStyle":"Round","lineStyle3D":"Strip","miterLimit":10,"width":0.69999999999999996,"color":{"type":"CIMRGBColor","values":[110,110,110,100]}},{"type":"CIMSolidFill","enable":true,"color":{"type":"CIMHSVColor","values":[80.4699999999999989,15.56,99.519999999999996,100]}}]}},"values":[{"type":"CIMUniqueValue","fieldValues":["South Caicos"]}],"visible":true},{"type":"CIMUniqueValueClass","label":"Spanish Wells","patch":"Default","symbol":{"type":"CIMSymbolReference","symbol":{"type":"CIMPolygonSymbol","symbolLayers":[{"type":"CIMSolidStroke","enable":true,"capStyle":"Round","joinStyle":"Round","lineStyle3D":"Strip","miterLimit":10,"width":0.69999999999999996,"color":{"type":"CIMRGBColor","values":[110,110,110,100]}},{"type":"CIMSolidFill","enable":true,"color":{"type":"CIMHSVColor","values":[18.73,20.1000000000000014,99.6400000000000006,100]}}]}},"values":[{"type":"CIMUniqueValue","fieldValues":["Spanish Wells"]}],"visible":true},{"type":"CIMUniqueValueClass","label":"St. John","patch":"Default","symbol":{"type":"CIMSymbolReference","symbol":{"type":"CIMPolygonSymbol","symbolLayers":[{"type":"CIMSolidStroke","enable":true,"capStyle":"Round","joinStyle":"Round","lineStyle3D":"Strip","miterLimit":10,"width":0.69999999999999996,"color":{"type":"CIMRGBColor","values":[110,110,110,100]}},{"type":"CIMSolidFill","enable":true,"color":{"type":"CIMHSVColor","values":[218.59,28.6499999999999986,99.6599999999999966,100]}}]}},"values":[{"type":"CIMUniqueValue","fieldValues":["St. John"]}],"visible":true},{"type":"CIMUniqueValueClass","label":"St. Thomas","patch":"Default","symbol":{"type":"CIMSymbolReference","symbol":{"type":"CIMPolygonSymbol","symbolLayers":[{"type":"CIMSolidStroke","enable":true,"capStyle":"Round","joinStyle":"Round","lineStyle3D":"Strip","miterLimit":10,"width":0.69999999999999996,"color":{"type":"CIMRGBColor","values":[110,110,110,100]}},{"type":"CIMSolidFill","enable":true,"color":{"type":"CIMHSVColor","values":[22.5799999999999983,28.4699999999999989,99.7900000000000063,100]}}]}},"values":[{"type":"CIMUniqueValue","fieldValues":["St. Thomas"]}],"visible":true},{"type":"CIMUniqueValueClass","label":"The Grenadines","patch":"Default","symbol":{"type":"CIMSymbolReference","symbol":{"type":"CIMPolygonSymbol","symbolLayers":[{"type":"CIMSolidStroke","enable":true,"capStyle":"Round","joinStyle":"Round","lineStyle3D":"Strip","miterLimit":10,"width":0.69999999999999996,"color":{"type":"CIMRGBColor","values":[110,110,110,100]}},{"type":"CIMSolidFill","enable":true,"color":{"type":"CIMHSVColor","values":[314.680000000000007,23.7100000000000009,99.7199999999999989,100]}}]}},"values":[{"type":"CIMUniqueValue","fieldValues":["The Grenadines"]}],"visible":true},{"type":"CIMUniqueValueClass","label":"Tortola","patch":"Default","symbol":{"type":"CIMSymbolReference","symbol":{"type":"CIMPolygonSymbol","symbolLayers":[{"type":"CIMSolidStroke","enable":true,"capStyle":"Round","joinStyle":"Round","lineStyle3D":"Strip","miterLimit":10,"width":0.69999999999999996,"color":{"type":"CIMRGBColor","values":[110,110,110,100]}},{"type":"CIMSolidFill","enable":true,"color":{"type":"CIMHSVColor","values":[45.5600000000000023,28.2899999999999991,99.2600000000000051,100]}}]}},"values":[{"type":"CIMUniqueValue","fieldValues":["Tortola"]}],"visible":true},{"type":"CIMUniqueValueClass","label":"Tortuga","patch":"Default","symbol":{"type":"CIMSymbolReference","symbol":{"type":"CIMPolygonSymbol","symbolLayers":[{"type":"CIMSolidStroke","enable":true,"capStyle":"Round","joinStyle":"Round","lineStyle3D":"Strip","miterLimit":10,"width":0.69999999999999996,"color":{"type":"CIMRGBColor","values":[110,110,110,100]}},{"type":"CIMSolidFill","enable":true,"color":{"type":"CIMHSVColor","values":[349.420000000000016,22.84,99.7099999999999937,100]}}]}},"values":[{"type":"CIMUniqueValue","fieldValues":["Tortuga"]}],"visible":true},{"type":"CIMUniqueValueClass","label":"Vieques","patch":"Default","symbol":{"type":"CIMSymbolReference","symbol":{"type":"CIMPolygonSymbol","symbolLayers":[{"type":"CIMSolidStroke","enable":true,"capStyle":"Round","joinStyle":"Round","lineStyle3D":"Strip","miterLimit":10,"width":0.69999999999999996,"color":{"type":"CIMRGBColor","values":[110,110,110,100]}},{"type":"CIMSolidFill","enable":true,"color":{"type":"CIMHSVColor","values":[147.19,15.94,99.9399999999999977,100]}}]}},"values":[{"type":"CIMUniqueValue","fieldValues":["Vieques"]}],"visible":true},{"type":"CIMUniqueValueClass","label":"Virgin Gorda","patch":"Default","symbol":{"type":"CIMSymbolReference","symbol":{"type":"CIMPolygonSymbol","symbolLayers":[{"type":"CIMSolidStroke","enable":true,"capStyle":"Round","joinStyle":"Round","lineStyle3D":"Strip","miterLimit":10,"width":0.69999999999999996,"color":{"type":"CIMRGBColor","values":[110,110,110,100]}},{"type":"CIMSolidFill","enable":true,"color":{"type":"CIMHSVColor","values":[299.81,23.8500000000000014,99.0100000000000051,100]}}]}},"values":[{"type":"CIMUniqueValue","fieldValues":["Virgin Gorda"]}],"visible":true},{"type":"CIMUniqueValueClass","label":"West Caicos","patch":"Default","symbol":{"type":"CIMSymbolReference","symbol":{"type":"CIMPolygonSymbol","symbolLayers":[{"type":"CIMSolidStroke","enable":true,"capStyle":"Round","joinStyle":"Round","lineStyle3D":"Strip","miterLimit":10,"width":0.69999999999999996,"color":{"type":"CIMRGBColor","values":[110,110,110,100]}},{"type":"CIMSolidFill","enable":true,"color":{"type":"CIMHSVColor","values":[246.210000000000008,20.34,99.8400000000000034,100]}}]}},"values":[{"type":"CIMUniqueValue","fieldValues":["West Caicos"]}],"visible":true},{"type":"CIMUniqueValueClass","label":"Yellow Cay","patch":"Default","symbol":{"type":"CIMSymbolReference","symbol":{"type":"CIMPolygonSymbol","symbolLayers":[{"type":"CIMSolidStroke","enable":true,"capStyle":"Round","joinStyle":"Round","lineStyle3D":"Strip","miterLimit":10,"width":0.69999999999999996,"color":{"type":"CIMRGBColor","values":[110,110,110,100]}},{"type":"CIMSolidFill","enable":true,"color":{"type":"CIMHSVColor","values":[287.920000000000016,27.82,99.0699999999999932,100]}}]}},"values":[{"type":"CIMUniqueValue","fieldValues":["Yellow Cay"]}],"visible":true},{"type":"CIMUniqueValueClass","label":"Île à Vache","patch":"Default","symbol":{"type":"CIMSymbolReference","symbol":{"type":"CIMPolygonSymbol","symbolLayers":[{"type":"CIMSolidStroke","enable":true,"capStyle":"Round","joinStyle":"Round","lineStyle3D":"Strip","miterLimit":10,"width":0.69999999999999996,"color":{"type":"CIMRGBColor","values":[110,110,110,100]}},{"type":"CIMSolidFill","enable":true,"color":{"type":"CIMHSVColor","values":[133.389999999999986,21.879999999999999,99.0799999999999983,100]}}]}},"values":[{"type":"CIMUniqueValue","fieldValues":["Île à Vache"]}],"visible":true}],"heading":"caribbean1"}],"useDefaultSymbol":true,"polygonSymbolColorTarget":"Fill"},"scaleSymbols":true,"snappable":true}]}</LayerFile></DataProperties><SyncDate>20210908</SyncDate><SyncTime>15101900</SyncTime><ModDate>20210908</ModDate><ModTime>15101900</ModTime></Esri><dataIdInfo><envirDesc Sync="TRUE">Microsoft Windows 10 Version 10.0 (Build 19043) ; Esri ArcGIS 12.7.0.26828</envirDesc><dataLang><languageCode value="eng" Sync="TRUE"></languageCode><countryCode value="USA" Sync="TRUE"></countryCode></dataLang><idCitation><resTitle Sync="TRUE">select_caribbean_islands</resTitle><presForm><PresFormCd value="005" Sync="TRUE"></PresFormCd></presForm></idCitation><spatRpType><SpatRepTypCd value="001" Sync="TRUE"></SpatRepTypCd></spatRpType></dataIdInfo><mdLang><languageCode value="eng" Sync="TRUE"></languageCode><countryCode value="USA" Sync="TRUE"></countryCode></mdLang><mdChar><CharSetCd value="004" Sync="TRUE"></CharSetCd></mdChar><distInfo><distFormat><formatName Sync="TRUE">Shapefile</formatName></distFormat><distTranOps><transSize Sync="TRUE">0.000</transSize></distTranOps></distInfo><mdHrLv><ScopeCd value="005" Sync="TRUE"></ScopeCd></mdHrLv><mdHrLvName Sync="TRUE">dataset</mdHrLvName><refSysInfo><RefSystem><refSysID><identCode code="4326" Sync="TRUE"></identCode><idCodeSpace Sync="TRUE">EPSG</idCodeSpace><idVersion Sync="TRUE">6.2(3.0.1)</idVersion></refSysID></RefSystem></refSysInfo><spatRepInfo><VectSpatRep><geometObjs Name="select_caribbean_islands"><geoObjTyp><GeoObjTypCd value="002" Sync="TRUE"></GeoObjTypCd></geoObjTyp><geoObjCnt Sync="TRUE">0</geoObjCnt></geometObjs><topLvl><TopoLevCd value="001" Sync="TRUE"></TopoLevCd></topLvl></VectSpatRep></spatRepInfo><spdoinfo><ptvctinf><esriterm Name="select_caribbean_islands"><efeatyp Sync="TRUE">Simple</efeatyp><efeageom code="4" Sync="TRUE"></efeageom><esritopo Sync="TRUE">FALSE</esritopo><efeacnt Sync="TRUE">0</efeacnt><spindex Sync="TRUE">FALSE</spindex><linrefer Sync="TRUE">FALSE</linrefer></esriterm></ptvctinf></spdoinfo><eainfo><detailed Name="select_caribbean_islands"><enttyp><enttypl Sync="TRUE">select_caribbean_islands</enttypl><enttypt Sync="TRUE">Feature Class</enttypt><enttypc Sync="TRUE">0</enttypc></enttyp><attr><attrlabl Sync="TRUE">FID</attrlabl><attalias Sync="TRUE">FID</attalias><attrtype Sync="TRUE">OID</attrtype><attwidth Sync="TRUE">4</attwidth><atprecis Sync="TRUE">0</atprecis><attscale Sync="TRUE">0</attscale><attrdef Sync="TRUE">Internal feature number.</attrdef><attrdefs Sync="TRUE">Esri</attrdefs><attrdomv><udom Sync="TRUE">Sequential unique whole numbers that are automatically generated.</udom></attrdomv></attr><attr><attrlabl Sync="TRUE">Shape</attrlabl><attalias Sync="TRUE">Shape</attalias><attrtype Sync="TRUE">Geometry</attrtype><attwidth Sync="TRUE">0</attwidth><atprecis Sync="TRUE">0</atprecis><attscale Sync="TRUE">0</attscale><attrdef Sync="TRUE">Feature geometry.</attrdef><attrdefs Sync="TRUE">Esri</attrdefs><attrdomv><udom Sync="TRUE">Coordinates defining the features.</udom></attrdomv></attr><attr><attrlabl Sync="TRUE">ORIG_FID</attrlabl><attalias Sync="TRUE">ORIG_FID</attalias><attrtype Sync="TRUE">Integer</attrtype><attwidth Sync="TRUE">10</attwidth><atprecis Sync="TRUE">10</atprecis><attscale Sync="TRUE">0</attscale></attr><attr><attrlabl Sync="TRUE">islands_co</attrlabl><attalias Sync="TRUE">islands_co</attalias><attrtype Sync="TRUE">String</attrtype><attwidth Sync="TRUE">254</attwidth><atprecis Sync="TRUE">0</atprecis><attscale Sync="TRUE">0</attscale></attr><attr><attrlabl Sync="TRUE">islands__1</attrlabl><attalias Sync="TRUE">islands__1</attalias><attrtype Sync="TRUE">String</attrtype><attwidth Sync="TRUE">254</attwidth><atprecis Sync="TRUE">0</atprecis><attscale Sync="TRUE">0</attscale></attr><attr><attrlabl Sync="TRUE">caribbean1</attrlabl><attalias Sync="TRUE">caribbean1</attalias><attrtype Sync="TRUE">String</attrtype><attwidth Sync="TRUE">254</attwidth><atprecis Sync="TRUE">0</atprecis><attscale Sync="TRUE">0</attscale></attr><attr><attrlabl Sync="TRUE">AREA_GEO</attrlabl><attalias Sync="TRUE">AREA_GEO</attalias><attrtype Sync="TRUE">Double</attrtype><attwidth Sync="TRUE">19</attwidth><atprecis Sync="TRUE">0</atprecis><attscale Sync="TRUE">0</attscale></attr><attr><attrlabl Sync="TRUE">PERIM_GEO</attrlabl><attalias Sync="TRUE">PERIM_GEO</attalias><attrtype Sync="TRUE">Double</attrtype><attwidth Sync="TRUE">19</attwidth><atprecis Sync="TRUE">0</atprecis><attscale Sync="TRUE">0</attscale></attr></detailed></eainfo><mdDateSt Sync="TRUE">20210908</mdDateSt></metadata>
