<PAMDataset>
  <PAMRasterBand band="1">
    <Histograms>
      <HistItem>
        <HistMin>-0.5</HistMin>
        <HistMax>63.5</HistMax>
        <BucketCount>64</BucketCount>
        <IncludeOutOfRange>1</IncludeOutOfRange>
        <Approximate>0</Approximate>
        <HistCounts>0|4408281|2684320|3873289|5551798|2347653|1135512|985425|621416|512097|633199|703815|513823|625630|600846|465512|322880|248983|145224|131137|162321|184147|136536|95744|52142|22134|17387|5927|7172|3840|3871|606|993|1425|549|726|912|963|713|2048|742|913|1148|7410|676|979|1167|1238|4164|2257|557|604|574|816|1395|60375|856|952|274|290|8493|315|863|86845</HistCounts>
      </HistItem>
    </Histograms>
    <Metadata>
      <MDI key="RepresentationType">ATHEMATIC</MDI>
      <MDI key="STATISTICS_COVARIANCES">42.59178447141229</MDI>
      <MDI key="STATISTICS_EXCLUDEDVALUES"></MDI>
      <MDI key="STATISTICS_MAXIMUM">63</MDI>
      <MDI key="STATISTICS_MEAN">5.9512413606638</MDI>
      <MDI key="STATISTICS_MINIMUM">1</MDI>
      <MDI key="STATISTICS_SKIPFACTORX">1</MDI>
      <MDI key="STATISTICS_SKIPFACTORY">1</MDI>
      <MDI key="STATISTICS_STDDEV">6.5262381561978</MDI>
    </Metadata>
  </PAMRasterBand>
</PAMDataset>
