species,mass,taxa
Ameiva ameiva,298.5,reptile
Amphisbaena caeca,16.8,reptile
Anolis aeneus,10.6,reptile
Anolis aliniger,4.5,reptile
Anolis allisoni,20.4,reptile
Anolis altavelensis,2.2,reptile
Anolis alumina,1.4,reptile
Anolis angusticeps,3.1,reptile
Anolis armouri,8.4,reptile
Anolis bahorucoensis,2.8,reptile
Anolis baleatus,114.9,reptile
Anolis barahonae,100.5,reptile
Anolis barbatus,97.1,reptile
Anolis barbouri,3.5,reptile
Anolis bartschi,10.6,reptile
Anolis bimaculatus,39.3,reptile
Anolis brevirostris,3.2,reptile
Anolis brunneus,9.1,reptile
Anolis carolinensis,8.7,reptile
Anolis chamaeleonides,109.4,reptile
Anolis chlorocyanus,10.6,reptile
Anolis christophei,2.5,reptile
Anolis coelestinus,12.2,reptile
Anolis conspersus,9.1,reptile
Anolis cristatellus,9.8,reptile
Anolis cuvieri,114.8,reptile
Anolis cybotes,11,reptile
Anolis distichus,4.2,reptile
Anolis equestris,134.6,reptile
Anolis etheridgei,1.7,reptile
Anolis eugenegrahami,7.8,reptile
Anolis evermanni,9.8,reptile
Anolis extremus,12.6,reptile
Anolis fairchildi,9.1,reptile
Anolis ferreus,35.7,reptile
Anolis forresti,2.98,reptile
Anolis fowleri,9.5,reptile
Anolis garmani,52.6,reptile
Anolis gingivinus,7.8,reptile
Anolis grahami,8.7,reptile
Anolis griseus,50.4,reptile
Anolis guamuhaya,84.3,reptile
Anolis gundlachi,9.1,reptile
Anolis hendersoni,2.5,reptile
Anolis homolechis,7.1,reptile
Anolis insolitus,2.2,reptile
Anolis jubar,5,reptile
Anolis koopmani,1.6,reptile
Anolis krugi,3.5,reptile
Anolis leachii,37.5,reptile
Anolis lineatopus,8.1,reptile
Anolis longitibialis,7.8,reptile
Anolis lucius,7.1,reptile
Anolis luteogularis,136.8,reptile
Anolis marcanoi,5.7,reptile
Anolis monensis,4.5,reptile
Anolis monticola,3.7,reptile
Anolis marmoratus,12.6,reptile
Anolis nelsoni,6.3,reptile
Anolis noblei,134.6,reptile
Anolis nubilus,11,reptile
Anolis oculatus,19.2,reptile
Anolis olssoni,3.1,reptile
Anolis pigmaequestris,54.8,reptile
Anolis placidus,2.1,reptile
Anolis pogus,4.1,reptile
Anolis porcatus,17.6,reptile
Anolis porcus,100.5,reptile
Anolis pulchellus,2.9,reptile
Anolis richardii,54.9,reptile
Anolis ricordii,134.6,reptile
Anolis rimarum,1.9,reptile
Anolis roosevelti,84.3,reptile
Anolis rupinae,3.9,reptile
Anolis sabanus,15,reptile
Anolis sagrei,8.7,reptile
Anolis schwartzi,2.5,reptile
Anolis semilineatus,2.2,reptile
Anolis sheplani,1.5,reptile
Anolis shrevei,4.5,reptile
Anolis singularis,3,reptile
Anolis smaragdinus,5.5,reptile
Anolis smallwoodi,134.7,reptile
Anolis strahmi,10.2,reptile
Anolis stratulus,4.8,reptile
Anolis terraealtae,10.6,reptile
Anolis valencienni,13.1,reptile
Anolis vermiculatus,49.3,reptile
Anolis wattsi,4.1,reptile
Anolis whitemani,6.3,reptile
Aristelliger lar,80.2,reptile
Aristelliger praesignis,21.3,reptile
Celestus agasepsoides,2.3,reptile
Celestus anelpistus,599.6,reptile
Celestus badius,18,reptile
Celestus barbouri,19.2,reptile
Celestus carraui,584.8,reptile
Celestus costatus,36,reptile
Celestus crusculus maculates,11.7,reptile
Celestus curtissi,9.3,reptile
Celestus darlingtoni,8.9,reptile
Celestus duquesneyi,22.5,reptile
Celestus fowleri,18.6,reptile
Celestus haetianus,14.6,reptile
Celestus marcanoi,6.6,reptile
Celestus occiduus,897.3,reptile
Celestus sepsoides,6.6,reptile
Celestus stenurus,103.5,reptile
Celestus warreni,599.8,reptile
Cnemidophorus vanzoi,72.1,reptile
Ctenosaura similis,4977.4,reptile
Cyclura carinata,5610.5,reptile
Cyclura collei,3334.3,reptile
Cyclura cornuta,11015.4,reptile
Cyclura cychlura,11803.2,reptile
Cyclura nubila,17660.4,reptile
Cyclura nubila lewisi,7014.6,reptile
Cyclura pinguis,7413.1,reptile
Cyclura ricordi,4830.6,reptile
Cyclura rileyi,2624.2,reptile
Diploglossus montisserrati,121.1,reptile
Diploglossus pleii,80.4,reptile
Iguana delicatissima,3475.4,reptile
Iguana iguana,8222.4,reptile
Leiocephalus barahonensis,16.1,reptile
Leiocephalus carinatus,71.9,reptile
Leiocephalus endomychus,8.5,reptile
Leiocephalus inaguae,20.2,reptile
Leiocephalus loxogrammus,21.7,reptile
Leiocephalus lunatus,7.7,reptile
Leiocephalus macropus,24,reptile
Leiocephalus melanochlorus,66.5,reptile
Leiocephalus onaneyi,10.2,reptile
Leiocephalus personatus,36.4,reptile
Leiocephalus pratensis,6.7,reptile
Leiocephalus psammodromus,38.6,reptile
Leiocephalus punctatus,13.8,reptile
Leiocephalus raviceps,10.7,reptile
Leiocephalus rhutidira,7.4,reptile
Leiocephalus schreibersii,35.3,reptile
Leiocephalus semilineatus,3.6,reptile
Leiocephalus stictigaster,28.4,reptile
Pholidoscelis atratus,13.2,reptile
Pholidoscelis auberi,13.2,reptile
Pholidoscelis chrysolaemus,13.2,reptile
Pholidoscelis corax,13.2,reptile
Pholidoscelis erythrocephalus,13.2,reptile
Pholidoscelis exsul,24.3,reptile
Pholidoscelis fuscatus,49.1,reptile
Pholidoscelis griswoldi,13.2,reptile
Pholidoscelis plei,18.8,reptile
Pholidoscelis pluvianotatus,18.8,reptile
Ariteus flavescens,13,mammal
Artibeus jamaicensis,42.2,mammal
Artibeus lituratus,60.3,mammal
Artibeus planirostris,47,mammal
Artibeus schwartzi,42.2,mammal
Atopogale cubana,680,mammal
Brachyphylla cavernarum,46.2,mammal
Brachyphylla nana,35.8,mammal
Capromys pilorides,5650,mammal
Capromys pilorides ciprianoi,5650,mammal
Capromys pilorides doceleguas,5650,mammal
Capromys pilorides gundlachianus,5650,mammal
Capromys pilorides pilorides,5650,mammal
Capromys pilorides relictus,5650,mammal
Chiroderma improvisum,35,mammal
Dermanura glauca,12,mammal
Erophylla bombifrons,4.6,mammal
Erophylla sezekorni,15.8,mammal
Geocapromys brownii,1500,mammal
Geocapromys ingrahami ingrahami,800,mammal
Mesocapromys angelcabrerai,436.7,mammal
Mesocapromys auritus,726.7,mammal
Mesocapromys nanus,436.7,mammal
Mesocapromys sanfelipensis,550,mammal
Monophyllus redman,8.7,mammal
Mysateles melanurus,1632,mammal
Mysateles prehensilis,1172.7,mammal
Mysateles prehensilis gundlachi,1757.3,mammal
Mysateles prehensilis prehensilis,1632,mammal
Phyllonycteris poeyi,22,mammal
Plagiodontia aedium,1409.5,mammal
Solenodon cubanus,900,mammal
Solenodon paradoxus,650,mammal
Stenoderma rufum,20.7,mammal
Sturnira lilium,19.1,mammal
Allenia fusca,67.225,bird
Amazona agilis,213,bird
Amazona arausiaca,620,bird
Amazona collaria,187,bird
Amazona guildingii,646,bird
Amazona imperialis,900,bird
Amazona leucocephala,261,bird
Amazona ventralis,214,bird
Amazona versicolor,676,bird
Amazona vittata,281,bird
Bombycilla cedrorum,31.6,bird
Calyptophilus frugivorus,32.1,bird
Calyptophilus tertius,40.2,bird
Cardellina pusilla,7.5,bird
Catharus bicknelli,27.8,bird
Catharus fuscescens,31.9,bird
Catharus guttatus,30.1,bird
Catharus ustulatus,30.3,bird
Cinclocerthia gutturalis,69.2,bird
Cinclocerthia ruficauda,55,bird
Coccyzus americanus,64,bird
Coccyzus erythropthalmus,50.9,bird
Coccyzus longirostris,100,bird
Coccyzus merlini,171.5,bird
Coccyzus minor,63.9,bird
Coccyzus pluvialis,163,bird
Coccyzus rufigularis,128,bird
Coccyzus vetula,96,bird
Coccyzus vieilloti,81.9,bird
Columbina passerina,33,bird
Corvus jamaicensis,338,bird
Corvus leucognaphalus,246.5,bird
Corvus nasicus,401,bird
Corvus ossifragus,285,bird
Corvus palmarum,289,bird
Corvus splendens,293.5,bird
Crotophaga ani,136,bird
Crotophaga major,148.5,bird
Cuculus canorus,14,bird
Cyanerpes cyaneus,14,bird
Dulus dominicus,48.4,bird
Dumetella carolinensis,35.3,bird
Elaenia fallax,14.4,bird
Elaenia flavogaster,24.8,bird
Elaenia martinica,20.85,bird
Eremophila alpestris,31.2,bird
Euneornis campestris,16,bird
Euphonia Jamaica,16.6,bird
Euphonia musica,15.7,bird
Eupsittula nana,80,bird
Geothlypis rostrata,16.1,bird
Geotrygon caniceps,192,bird
Geotrygon chrysia,169,bird
Geotrygon leucometopia,154,bird
Geotrygon montana,149,bird
Geotrygon mystacea,211,bird
Geotrygon versicolor,225,bird
Haemorhous mexicanus,21,bird
Hylocichla mustelina,50.15,bird
Icteria virens,24.9,bird
Icterus bonana,29,bird
Icterus bullockii,37.9,bird
Icterus cucullatus,24.3,bird
Icterus dominicensis,35.75,bird
Icterus galbula,32.85,bird
Icterus laudabilis,36.9,bird
Icterus leucopteryx,36.9,bird
Icterus melanopsis,37.05,bird
Icterus nigrogularis,40.2,bird
Icterus northropi,38.6,bird
Icterus oberi,35.83,bird
Icterus portoricensis,38.8,bird
Icterus spurius,19,bird
Leiothlypis celata,9,bird
Leiothlypis ruficapilla,10,bird
Leptotila jamaicensis,165,bird
Leptotila wellsi,200,bird
Loxigilla noctis,16.66,bird
Loxipasser anoxanthus,11.4,bird
Margarops fuscatus,98.63,bird
Melanospiza richardsoni,20.9,bird
Melopyrrha nigra,14,bird
Melopyrrha nigra,16.5,bird
Melopyrrha portoricensis,32,bird
Melopyrrha violacea,20.4,bird
Microligea palustris,13.2,bird
Mimus gilvus,46.3,bird
Mimus gundlachii,66.8,bird
Mimus polyglottos,48.5,bird
Myadestes elisabeth,30,bird
Myadestes genibarbis,29.2,bird
Nesospingus speculiferus,35.2,bird
Oenanthe oenanthe,23,bird
Oporornis agilis,13.3,bird
Passerina caerulea,27.4,bird
Patagioenas caribaea,250,bird
Patagioenas inornata,365,bird
Patagioenas leucocephala,238,bird
Patagioenas squamosa,312,bird
Phaenicophilus palmarum,30.5,bird
Phaenicophilus poliocephalus,31,bird
Pheucticus ludovicianus,42,bird
Phonipara canora,8,bird
Pipilo chlorurus,29.4,bird
Piranga ludoviciana,28.1,bird
Piranga olivacea,28.2,bird
Piranga rubra,29.15,bird
Priotelus roseigaster,74.2,bird
Priotelus temnurus,53.4,bird
Protonotaria citrea,14.3,bird
Psittacara chloropterus,146,bird
Psittacara euops,90,bird
Quiscalus lugubris,63.65,bird
Quiscalus niger,79.7,bird
Quiscalus niger,76.875,bird
Quiscalus niger,74.05,bird
Ramphocinclus brachyurus,50,bird
Saltator albicollis,36.9,bird
Sayornis phoebe,19.7,bird
Setophaga adelaidae,7,bird
Setophaga americana,5.8,bird
Setophaga caerulescens,10.4,bird
Setophaga coronata,12.5,bird
Setophaga discolor,7.7,bird
Setophaga kirtlandii,14,bird
Setophaga palmarum,11.35,bird
Setophaga petechia,16,bird
Setophaga pinus,12,bird
Setophaga plumbea,14,bird
Setophaga ruticilla,8.6,bird
Setophaga striata,15.35,bird
Setophaga tigrina,13.15,bird
Setophaga townsendi,8.8,bird
Setophaga vitellina,7,bird
Sialia sialis,27.5,bird
Spindalis dominicensis,29.4,bird
Spindalis nigricephala,45.1,bird
Spindalis portoricensis,32.15,bird
Spindalis zena,25.8,bird
Spizella passerina,12.2,bird
Starnoenas cyanocephala,219,bird
Stelgidopteryx serripennis,15.7,bird
Stilpnia cucullata,27.9,bird
Sturnella magna,92.68,bird
Teretistris fernandinae,9.9,bird
Teretistris fornsi,9.7,bird
Toxostoma rufum,68.8,bird
Turdus aurantius,81.9,bird
Turdus fumigatus,75.85,bird
Turdus jamaicensis,59.1,bird
Turdus lherminieri,105,bird
Turdus migratorius,78.5,bird
Turdus nudigenis,63.9,bird
Turdus plumbeus,75.35,bird
Turdus swalesi,75,bird
Tyrannus caudifasciatus,42.4,bird
Tyrannus cubensis,93.6,bird
Tyrannus dominicensis,46.5,bird
Tyrannus melancholicus,39,bird
Tyrannus tyrannus,39.925,bird
Tyrannus verticalis,39.6,bird
Tyrannus vociferans,45.6,bird
Vermivora bachmanii,12.7,bird
Vireo altiloquus,17.9,bird
Vireo bellii,8.6,bird
Vireo caribaeus,9.3,bird
Vireo crassirostris,13.1,bird
Vireo flavifrons,18,bird
Vireo flavoviridis,17.6,bird
Vireo gilvus,12.7,bird
Vireo griseus,11.4,bird
Vireo gundlachii,12.9,bird
Vireo latimeri,12,bird
Vireo magister,15.4,bird
Vireo modestus,9.6,bird
Vireo nanus,10.5,bird
Vireo olivaceus,15.3,bird
Vireo osburni,19.9,bird
Vireo pallens,11,bird
Vireo philadelphicus,11.5,bird
Vireo solitarius,15.3,bird
Xenoligea montana,12,bird
Zenaida asiatica,153,bird
Zenaida auriculata,89.3,bird
Zenaida aurita,156,bird
Zenaida macroura,119,bird
