<PAMDataset>
  <PAMRasterBand band="1">
    <Histograms>
      <HistItem>
        <HistMin>0</HistMin>
        <HistMax>37179</HistMax>
        <BucketCount>256</BucketCount>
        <IncludeOutOfRange>1</IncludeOutOfRange>
        <Approximate>0</Approximate>
        <HistCounts>3617721|2830|528|12|0|56|255|514|454|0|0|0|0|0|0|0|0|17|952|0|0|0|0|204|1050|0|0|0|0|0|9534|0|0|0|0|0|0|0|781|0|0|9|118|0|0|0|0|58|63|0|10|47|0|0|0|0|1639|693|557|0|0|0|55|0|0|0|0|0|0|0|0|0|0|0|0|882|17|63|0|0|2722|6828|176|16|8|0|0|0|0|0|0|0|0|0|0|0|0|0|144|35|0|0|0|1|154|11|0|21|0|0|0|0|0|0|0|0|0|66|22|0|0|1449|701|1551|33|0|0|166|1008|91478|0|9|114|71|0|0|0|37|47|0|0|0|0|0|0|0|0|0|0|0|0|0|0|0|0|3|58|0|0|0|0|0|0|0|0|0|0|0|0|4|19|0|0|11|153|0|0|64|0|219|62656|0|0|0|0|0|0|0|0|0|0|0|0|0|0|0|7|0|92|0|0|0|56|9|29|1839|0|0|0|0|0|0|0|0|0|0|0|0|0|0|0|0|0|0|0|12|123|0|0|0|0|0|0|0|0|0|0|0|0|0|0|0|0|0|0|0|0|0|0|0|0|0|0|19|132|7172</HistCounts>
      </HistItem>
    </Histograms>
    <Metadata>
      <MDI key="RepresentationType">ATHEMATIC</MDI>
      <MDI key="STATISTICS_COVARIANCES">22999368.11377975</MDI>
      <MDI key="STATISTICS_EXCLUDEDVALUES"></MDI>
      <MDI key="STATISTICS_MAXIMUM">37179</MDI>
      <MDI key="STATISTICS_MEAN">1056.7563867887</MDI>
      <MDI key="STATISTICS_MINIMUM">0</MDI>
      <MDI key="STATISTICS_SKIPFACTORX">1</MDI>
      <MDI key="STATISTICS_SKIPFACTORY">1</MDI>
      <MDI key="STATISTICS_STDDEV">4795.7656441678</MDI>
    </Metadata>
  </PAMRasterBand>
</PAMDataset>
