<?xml version="1.0" encoding="UTF-8"?>
<metadata xml:lang="en"><Esri><CreaDate>20211117</CreaDate><CreaTime>10124400</CreaTime><ArcGISFormat>1.0</ArcGISFormat><SyncOnce>FALSE</SyncOnce><DataProperties><itemProps><itemName Sync="TRUE">reptile_diversity_2.tif</itemName><itemLocation><linkage Sync="TRUE">file://C:\Users\Seokmin\Desktop\Miami\Galetti projects\Caribbean_hotspots\Data\FRUGIVORE\total\reptile\reptile_diversity_2.tif</linkage><protocol Sync="TRUE">Local Area Network</protocol></itemLocation><imsContentType Sync="TRUE">002</imsContentType><nativeExtBox><westBL Sync="TRUE">-84.957480</westBL><eastBL Sync="TRUE">-59.397480</eastBL><southBL Sync="TRUE">11.987126</southBL><northBL Sync="TRUE">26.927126</northBL><exTypeCode Sync="TRUE">1</exTypeCode></nativeExtBox></itemProps><coordRef><type Sync="TRUE">Geographic</type><geogcsn Sync="TRUE">GCS_WGS_1984</geogcsn><csUnits Sync="TRUE">Angular Unit: Degree (0.017453)</csUnits><peXml Sync="TRUE">&lt;GeographicCoordinateSystem xsi:type='typens:GeographicCoordinateSystem' xmlns:xsi='http://www.w3.org/2001/XMLSchema-instance' xmlns:xs='http://www.w3.org/2001/XMLSchema' xmlns:typens='http://www.esri.com/schemas/ArcGIS/2.7.0'&gt;&lt;WKT&gt;GEOGCS[&amp;quot;GCS_WGS_1984&amp;quot;,DATUM[&amp;quot;D_WGS_1984&amp;quot;,SPHEROID[&amp;quot;WGS_1984&amp;quot;,6378137.0,298.257223563]],PRIMEM[&amp;quot;Greenwich&amp;quot;,0.0],UNIT[&amp;quot;Degree&amp;quot;,0.0174532925199433],AUTHORITY[&amp;quot;EPSG&amp;quot;,4326]]&lt;/WKT&gt;&lt;XOrigin&gt;-400&lt;/XOrigin&gt;&lt;YOrigin&gt;-400&lt;/YOrigin&gt;&lt;XYScale&gt;11258999068426.238&lt;/XYScale&gt;&lt;ZOrigin&gt;-100000&lt;/ZOrigin&gt;&lt;ZScale&gt;10000&lt;/ZScale&gt;&lt;MOrigin&gt;-100000&lt;/MOrigin&gt;&lt;MScale&gt;10000&lt;/MScale&gt;&lt;XYTolerance&gt;8.983152841195215e-09&lt;/XYTolerance&gt;&lt;ZTolerance&gt;0.001&lt;/ZTolerance&gt;&lt;MTolerance&gt;0.001&lt;/MTolerance&gt;&lt;HighPrecision&gt;true&lt;/HighPrecision&gt;&lt;LeftLongitude&gt;-180&lt;/LeftLongitude&gt;&lt;WKID&gt;4326&lt;/WKID&gt;&lt;LatestWKID&gt;4326&lt;/LatestWKID&gt;&lt;/GeographicCoordinateSystem&gt;</peXml></coordRef><RasterProperties><General><PixelDepth Sync="TRUE">32</PixelDepth><HasColormap Sync="TRUE">FALSE</HasColormap><CompressionType Sync="TRUE">LZW</CompressionType><NumBands Sync="TRUE">1</NumBands><Format Sync="TRUE">TIFF</Format><HasPyramids Sync="TRUE">TRUE</HasPyramids><SourceType Sync="TRUE">continuous</SourceType><PixelType Sync="TRUE">unsigned integer</PixelType><NoDataValue Sync="TRUE">255</NoDataValue></General></RasterProperties><lineage><Process ToolSource="c:\program files\arcgis\pro\Resources\ArcToolbox\toolboxes\Data Management Tools.tbx\MosaicToNewRaster" Date="20211117" Time="101244">MosaicToNewRaster 'C:\Users\Seokmin\Desktop\Miami\Galetti projects\Caribbean_hotspots\Data\FRUGIVORE\total\reptile\diversity\raster\polygon\Ameiva_ameiva_div.tif';'C:\Users\Seokmin\Desktop\Miami\Galetti projects\Caribbean_hotspots\Data\FRUGIVORE\total\reptile\diversity\raster\polygon\Anolis_aeneus_div.tif';'C:\Users\Seokmin\Desktop\Miami\Galetti projects\Caribbean_hotspots\Data\FRUGIVORE\total\reptile\diversity\raster\polygon\Anolis_allisoni_div.tif';'C:\Users\Seokmin\Desktop\Miami\Galetti projects\Caribbean_hotspots\Data\FRUGIVORE\total\reptile\diversity\raster\polygon\Anolis_alumina_div.tif';'C:\Users\Seokmin\Desktop\Miami\Galetti projects\Caribbean_hotspots\Data\FRUGIVORE\total\reptile\diversity\raster\polygon\Anolis_armouri_div.tif';'C:\Users\Seokmin\Desktop\Miami\Galetti projects\Caribbean_hotspots\Data\FRUGIVORE\total\reptile\diversity\raster\polygon\Anolis_baleatus_div.tif';'C:\Users\Seokmin\Desktop\Miami\Galetti projects\Caribbean_hotspots\Data\FRUGIVORE\total\reptile\diversity\raster\polygon\Anolis_bartschi_div.tif';'C:\Users\Seokmin\Desktop\Miami\Galetti projects\Caribbean_hotspots\Data\FRUGIVORE\total\reptile\diversity\raster\polygon\Anolis_bimaculatus_div.tif';'C:\Users\Seokmin\Desktop\Miami\Galetti projects\Caribbean_hotspots\Data\FRUGIVORE\total\reptile\diversity\raster\polygon\Anolis_brevirostris_div.tif';'C:\Users\Seokmin\Desktop\Miami\Galetti projects\Caribbean_hotspots\Data\FRUGIVORE\total\reptile\diversity\raster\polygon\Anolis_carolinensis_div.tif';'C:\Users\Seokmin\Desktop\Miami\Galetti projects\Caribbean_hotspots\Data\FRUGIVORE\total\reptile\diversity\raster\polygon\Anolis_conspersus_div.tif';'C:\Users\Seokmin\Desktop\Miami\Galetti projects\Caribbean_hotspots\Data\FRUGIVORE\total\reptile\diversity\raster\polygon\Anolis_cristatellus_div.tif';'C:\Users\Seokmin\Desktop\Miami\Galetti projects\Caribbean_hotspots\Data\FRUGIVORE\total\reptile\diversity\raster\polygon\Anolis_cuvieri_div.tif';'C:\Users\Seokmin\Desktop\Miami\Galetti projects\Caribbean_hotspots\Data\FRUGIVORE\total\reptile\diversity\raster\polygon\Anolis_cybotes_div.tif';'C:\Users\Seokmin\Desktop\Miami\Galetti projects\Caribbean_hotspots\Data\FRUGIVORE\total\reptile\diversity\raster\polygon\Anolis_eugenegrahami_div.tif';'C:\Users\Seokmin\Desktop\Miami\Galetti projects\Caribbean_hotspots\Data\FRUGIVORE\total\reptile\diversity\raster\polygon\Anolis_evermanni_div.tif';'C:\Users\Seokmin\Desktop\Miami\Galetti projects\Caribbean_hotspots\Data\FRUGIVORE\total\reptile\diversity\raster\polygon\Anolis_extremus_div.tif';'C:\Users\Seokmin\Desktop\Miami\Galetti projects\Caribbean_hotspots\Data\FRUGIVORE\total\reptile\diversity\raster\polygon\Anolis_ferreus_div.tif';'C:\Users\Seokmin\Desktop\Miami\Galetti projects\Caribbean_hotspots\Data\FRUGIVORE\total\reptile\diversity\raster\polygon\Anolis_garmani_div.tif';'C:\Users\Seokmin\Desktop\Miami\Galetti projects\Caribbean_hotspots\Data\FRUGIVORE\total\reptile\diversity\raster\polygon\Anolis_gingivinus_div.tif';'C:\Users\Seokmin\Desktop\Miami\Galetti projects\Caribbean_hotspots\Data\FRUGIVORE\total\reptile\diversity\raster\polygon\Anolis_grahami_div.tif';'C:\Users\Seokmin\Desktop\Miami\Galetti projects\Caribbean_hotspots\Data\FRUGIVORE\total\reptile\diversity\raster\polygon\Anolis_griseus_div.tif';'C:\Users\Seokmin\Desktop\Miami\Galetti projects\Caribbean_hotspots\Data\FRUGIVORE\total\reptile\diversity\raster\polygon\Anolis_gundlachi_div.tif';'C:\Users\Seokmin\Desktop\Miami\Galetti projects\Caribbean_hotspots\Data\FRUGIVORE\total\reptile\diversity\raster\polygon\Anolis_hendersoni_div.tif';'C:\Users\Seokmin\Desktop\Miami\Galetti projects\Caribbean_hotspots\Data\FRUGIVORE\total\reptile\diversity\raster\polygon\Anolis_homolechis_div.tif';'C:\Users\Seokmin\Desktop\Miami\Galetti projects\Caribbean_hotspots\Data\FRUGIVORE\total\reptile\diversity\raster\polygon\Anolis_insolitus_div.tif';'C:\Users\Seokmin\Desktop\Miami\Galetti projects\Caribbean_hotspots\Data\FRUGIVORE\total\reptile\diversity\raster\polygon\Anolis_jubar_div.tif';'C:\Users\Seokmin\Desktop\Miami\Galetti projects\Caribbean_hotspots\Data\FRUGIVORE\total\reptile\diversity\raster\polygon\Anolis_koopmani_div.tif';'C:\Users\Seokmin\Desktop\Miami\Galetti projects\Caribbean_hotspots\Data\FRUGIVORE\total\reptile\diversity\raster\polygon\Anolis_krugi_div.tif';'C:\Users\Seokmin\Desktop\Miami\Galetti projects\Caribbean_hotspots\Data\FRUGIVORE\total\reptile\diversity\raster\polygon\Anolis_leachii_div.tif';'C:\Users\Seokmin\Desktop\Miami\Galetti projects\Caribbean_hotspots\Data\FRUGIVORE\total\reptile\diversity\raster\polygon\Anolis_lineatopus_div.tif';'C:\Users\Seokmin\Desktop\Miami\Galetti projects\Caribbean_hotspots\Data\FRUGIVORE\total\reptile\diversity\raster\polygon\Anolis_longitibialis_div.tif';'C:\Users\Seokmin\Desktop\Miami\Galetti projects\Caribbean_hotspots\Data\FRUGIVORE\total\reptile\diversity\raster\polygon\Anolis_lucius_div.tif';'C:\Users\Seokmin\Desktop\Miami\Galetti projects\Caribbean_hotspots\Data\FRUGIVORE\total\reptile\diversity\raster\polygon\Anolis_luteogularis_div.tif';'C:\Users\Seokmin\Desktop\Miami\Galetti projects\Caribbean_hotspots\Data\FRUGIVORE\total\reptile\diversity\raster\polygon\Anolis_marcanoi_div.tif';'C:\Users\Seokmin\Desktop\Miami\Galetti projects\Caribbean_hotspots\Data\FRUGIVORE\total\reptile\diversity\raster\polygon\Anolis_marmoratus_div.tif';'C:\Users\Seokmin\Desktop\Miami\Galetti projects\Caribbean_hotspots\Data\FRUGIVORE\total\reptile\diversity\raster\polygon\Anolis_monticola_div.tif';'C:\Users\Seokmin\Desktop\Miami\Galetti projects\Caribbean_hotspots\Data\FRUGIVORE\total\reptile\diversity\raster\polygon\Anolis_noblei_div.tif';'C:\Users\Seokmin\Desktop\Miami\Galetti projects\Caribbean_hotspots\Data\FRUGIVORE\total\reptile\diversity\raster\polygon\Anolis_oculatus_div.tif';'C:\Users\Seokmin\Desktop\Miami\Galetti projects\Caribbean_hotspots\Data\FRUGIVORE\total\reptile\diversity\raster\polygon\Anolis_olssoni_div.tif';'C:\Users\Seokmin\Desktop\Miami\Galetti projects\Caribbean_hotspots\Data\FRUGIVORE\total\reptile\diversity\raster\polygon\Anolis_pigmaequestris_div.tif';'C:\Users\Seokmin\Desktop\Miami\Galetti projects\Caribbean_hotspots\Data\FRUGIVORE\total\reptile\diversity\raster\polygon\Anolis_placidus_div.tif';'C:\Users\Seokmin\Desktop\Miami\Galetti projects\Caribbean_hotspots\Data\FRUGIVORE\total\reptile\diversity\raster\polygon\Anolis_pogus_div.tif';'C:\Users\Seokmin\Desktop\Miami\Galetti projects\Caribbean_hotspots\Data\FRUGIVORE\total\reptile\diversity\raster\polygon\Anolis_porcatus_div.tif';'C:\Users\Seokmin\Desktop\Miami\Galetti projects\Caribbean_hotspots\Data\FRUGIVORE\total\reptile\diversity\raster\polygon\Anolis_porcus_div.tif';'C:\Users\Seokmin\Desktop\Miami\Galetti projects\Caribbean_hotspots\Data\FRUGIVORE\total\reptile\diversity\raster\polygon\Anolis_pulchellus_div.tif';'C:\Users\Seokmin\Desktop\Miami\Galetti projects\Caribbean_hotspots\Data\FRUGIVORE\total\reptile\diversity\raster\polygon\Anolis_richardii_div.tif';'C:\Users\Seokmin\Desktop\Miami\Galetti projects\Caribbean_hotspots\Data\FRUGIVORE\total\reptile\diversity\raster\polygon\Anolis_rimarum_div.tif';'C:\Users\Seokmin\Desktop\Miami\Galetti projects\Caribbean_hotspots\Data\FRUGIVORE\total\reptile\diversity\raster\polygon\Anolis_roosevelti_div.tif';'C:\Users\Seokmin\Desktop\Miami\Galetti projects\Caribbean_hotspots\Data\FRUGIVORE\total\reptile\diversity\raster\polygon\Anolis_sagrei_div.tif';'C:\Users\Seokmin\Desktop\Miami\Galetti projects\Caribbean_hotspots\Data\FRUGIVORE\total\reptile\diversity\raster\polygon\Anolis_schwartzi_div.tif';'C:\Users\Seokmin\Desktop\Miami\Galetti projects\Caribbean_hotspots\Data\FRUGIVORE\total\reptile\diversity\raster\polygon\Anolis_semilineatus_div.tif';'C:\Users\Seokmin\Desktop\Miami\Galetti projects\Caribbean_hotspots\Data\FRUGIVORE\total\reptile\diversity\raster\polygon\Anolis_smallwoodi_div.tif';'C:\Users\Seokmin\Desktop\Miami\Galetti projects\Caribbean_hotspots\Data\FRUGIVORE\total\reptile\diversity\raster\polygon\Anolis_smaragdinus_div.tif';'C:\Users\Seokmin\Desktop\Miami\Galetti projects\Caribbean_hotspots\Data\FRUGIVORE\total\reptile\diversity\raster\polygon\Anolis_strahmi_div.tif';'C:\Users\Seokmin\Desktop\Miami\Galetti projects\Caribbean_hotspots\Data\FRUGIVORE\total\reptile\diversity\raster\polygon\Anolis_stratulus_div.tif';'C:\Users\Seokmin\Desktop\Miami\Galetti projects\Caribbean_hotspots\Data\FRUGIVORE\total\reptile\diversity\raster\polygon\Anolis_valencienni_div.tif';'C:\Users\Seokmin\Desktop\Miami\Galetti projects\Caribbean_hotspots\Data\FRUGIVORE\total\reptile\diversity\raster\polygon\Anolis_vermiculatus_div.tif';'C:\Users\Seokmin\Desktop\Miami\Galetti projects\Caribbean_hotspots\Data\FRUGIVORE\total\reptile\diversity\raster\polygon\Anolis_wattsi_div.tif';'C:\Users\Seokmin\Desktop\Miami\Galetti projects\Caribbean_hotspots\Data\FRUGIVORE\total\reptile\diversity\raster\polygon\Anolis_whitemani_div.tif';'C:\Users\Seokmin\Desktop\Miami\Galetti projects\Caribbean_hotspots\Data\FRUGIVORE\total\reptile\diversity\raster\polygon\Aristelliger_lar_div.tif';'C:\Users\Seokmin\Desktop\Miami\Galetti projects\Caribbean_hotspots\Data\FRUGIVORE\total\reptile\diversity\raster\polygon\Aristelliger_praesignis_div.tif';'C:\Users\Seokmin\Desktop\Miami\Galetti projects\Caribbean_hotspots\Data\FRUGIVORE\total\reptile\diversity\raster\polygon\Celestus_agasepsoides_div.tif';'C:\Users\Seokmin\Desktop\Miami\Galetti projects\Caribbean_hotspots\Data\FRUGIVORE\total\reptile\diversity\raster\polygon\Celestus_anelpistus_div.tif';'C:\Users\Seokmin\Desktop\Miami\Galetti projects\Caribbean_hotspots\Data\FRUGIVORE\total\reptile\diversity\raster\polygon\Celestus_barbouri_div.tif';'C:\Users\Seokmin\Desktop\Miami\Galetti projects\Caribbean_hotspots\Data\FRUGIVORE\total\reptile\diversity\raster\polygon\Celestus_costatus_div.tif';'C:\Users\Seokmin\Desktop\Miami\Galetti projects\Caribbean_hotspots\Data\FRUGIVORE\total\reptile\diversity\raster\polygon\Celestus_curtissi_div.tif';'C:\Users\Seokmin\Desktop\Miami\Galetti projects\Caribbean_hotspots\Data\FRUGIVORE\total\reptile\diversity\raster\polygon\Celestus_darlingtoni_div.tif';'C:\Users\Seokmin\Desktop\Miami\Galetti projects\Caribbean_hotspots\Data\FRUGIVORE\total\reptile\diversity\raster\polygon\Celestus_duquesneyi_div.tif';'C:\Users\Seokmin\Desktop\Miami\Galetti projects\Caribbean_hotspots\Data\FRUGIVORE\total\reptile\diversity\raster\polygon\Celestus_fowleri_div.tif';'C:\Users\Seokmin\Desktop\Miami\Galetti projects\Caribbean_hotspots\Data\FRUGIVORE\total\reptile\diversity\raster\polygon\Celestus_haetianus_div.tif';'C:\Users\Seokmin\Desktop\Miami\Galetti projects\Caribbean_hotspots\Data\FRUGIVORE\total\reptile\diversity\raster\polygon\Celestus_marcanoi_div.tif';'C:\Users\Seokmin\Desktop\Miami\Galetti projects\Caribbean_hotspots\Data\FRUGIVORE\total\reptile\diversity\raster\polygon\Celestus_occiduus_div.tif';'C:\Users\Seokmin\Desktop\Miami\Galetti projects\Caribbean_hotspots\Data\FRUGIVORE\total\reptile\diversity\raster\polygon\Celestus_sepsoides_div.tif';'C:\Users\Seokmin\Desktop\Miami\Galetti projects\Caribbean_hotspots\Data\FRUGIVORE\total\reptile\diversity\raster\polygon\Celestus_stenurus_div.tif';'C:\Users\Seokmin\Desktop\Miami\Galetti projects\Caribbean_hotspots\Data\FRUGIVORE\total\reptile\diversity\raster\polygon\Celestus_warreni_div.tif';'C:\Users\Seokmin\Desktop\Miami\Galetti projects\Caribbean_hotspots\Data\FRUGIVORE\total\reptile\diversity\raster\polygon\Cnemidophorus_vanzoi_div.tif';'C:\Users\Seokmin\Desktop\Miami\Galetti projects\Caribbean_hotspots\Data\FRUGIVORE\total\reptile\diversity\raster\polygon\Cyclura_carinata_div.tif';'C:\Users\Seokmin\Desktop\Miami\Galetti projects\Caribbean_hotspots\Data\FRUGIVORE\total\reptile\diversity\raster\polygon\Cyclura_collei_div.tif';'C:\Users\Seokmin\Desktop\Miami\Galetti projects\Caribbean_hotspots\Data\FRUGIVORE\total\reptile\diversity\raster\polygon\Cyclura_pinguis_div.tif';'C:\Users\Seokmin\Desktop\Miami\Galetti projects\Caribbean_hotspots\Data\FRUGIVORE\total\reptile\diversity\raster\polygon\Diploglossus_montisserrati_div.tif';'C:\Users\Seokmin\Desktop\Miami\Galetti projects\Caribbean_hotspots\Data\FRUGIVORE\total\reptile\diversity\raster\polygon\Diploglossus_pleii_div.tif';'C:\Users\Seokmin\Desktop\Miami\Galetti projects\Caribbean_hotspots\Data\FRUGIVORE\total\reptile\diversity\raster\polygon\Iguana_delicatissima_div.tif';'C:\Users\Seokmin\Desktop\Miami\Galetti projects\Caribbean_hotspots\Data\FRUGIVORE\total\reptile\diversity\raster\polygon\Iguana_iguana_div.tif';'C:\Users\Seokmin\Desktop\Miami\Galetti projects\Caribbean_hotspots\Data\FRUGIVORE\total\reptile\diversity\raster\polygon\Leiocephalus_barahonensis_div.tif';'C:\Users\Seokmin\Desktop\Miami\Galetti projects\Caribbean_hotspots\Data\FRUGIVORE\total\reptile\diversity\raster\polygon\Leiocephalus_carinatus_div.tif';'C:\Users\Seokmin\Desktop\Miami\Galetti projects\Caribbean_hotspots\Data\FRUGIVORE\total\reptile\diversity\raster\polygon\Leiocephalus_endomychus_div.tif';'C:\Users\Seokmin\Desktop\Miami\Galetti projects\Caribbean_hotspots\Data\FRUGIVORE\total\reptile\diversity\raster\polygon\Leiocephalus_inaguae_div.tif';'C:\Users\Seokmin\Desktop\Miami\Galetti projects\Caribbean_hotspots\Data\FRUGIVORE\total\reptile\diversity\raster\polygon\Leiocephalus_loxogrammus_div.tif';'C:\Users\Seokmin\Desktop\Miami\Galetti projects\Caribbean_hotspots\Data\FRUGIVORE\total\reptile\diversity\raster\polygon\Leiocephalus_lunatus_div.tif';'C:\Users\Seokmin\Desktop\Miami\Galetti projects\Caribbean_hotspots\Data\FRUGIVORE\total\reptile\diversity\raster\polygon\Leiocephalus_macropus_div.tif';'C:\Users\Seokmin\Desktop\Miami\Galetti projects\Caribbean_hotspots\Data\FRUGIVORE\total\reptile\diversity\raster\polygon\Leiocephalus_melanochlorus_div.tif';'C:\Users\Seokmin\Desktop\Miami\Galetti projects\Caribbean_hotspots\Data\FRUGIVORE\total\reptile\diversity\raster\polygon\Leiocephalus_onaneyi_div.tif';'C:\Users\Seokmin\Desktop\Miami\Galetti projects\Caribbean_hotspots\Data\FRUGIVORE\total\reptile\diversity\raster\polygon\Leiocephalus_personatus_div.tif';'C:\Users\Seokmin\Desktop\Miami\Galetti projects\Caribbean_hotspots\Data\FRUGIVORE\total\reptile\diversity\raster\polygon\Leiocephalus_pratensis_div.tif';'C:\Users\Seokmin\Desktop\Miami\Galetti projects\Caribbean_hotspots\Data\FRUGIVORE\total\reptile\diversity\raster\polygon\Leiocephalus_psammodromus_div.tif';'C:\Users\Seokmin\Desktop\Miami\Galetti projects\Caribbean_hotspots\Data\FRUGIVORE\total\reptile\diversity\raster\polygon\Leiocephalus_punctatus_div.tif';'C:\Users\Seokmin\Desktop\Miami\Galetti projects\Caribbean_hotspots\Data\FRUGIVORE\total\reptile\diversity\raster\polygon\Leiocephalus_raviceps_div.tif';'C:\Users\Seokmin\Desktop\Miami\Galetti projects\Caribbean_hotspots\Data\FRUGIVORE\total\reptile\diversity\raster\polygon\Leiocephalus_rhutidira_div.tif';'C:\Users\Seokmin\Desktop\Miami\Galetti projects\Caribbean_hotspots\Data\FRUGIVORE\total\reptile\diversity\raster\polygon\Leiocephalus_schreibersii_div.tif';'C:\Users\Seokmin\Desktop\Miami\Galetti projects\Caribbean_hotspots\Data\FRUGIVORE\total\reptile\diversity\raster\polygon\Leiocephalus_semilineatus_div.tif';'C:\Users\Seokmin\Desktop\Miami\Galetti projects\Caribbean_hotspots\Data\FRUGIVORE\total\reptile\diversity\raster\polygon\Leiocephalus_stictigaster_div.tif';'C:\Users\Seokmin\Desktop\Miami\Galetti projects\Caribbean_hotspots\Data\FRUGIVORE\total\reptile\diversity\raster\polygon\Pholidoscelis_auberi_div.tif';'C:\Users\Seokmin\Desktop\Miami\Galetti projects\Caribbean_hotspots\Data\FRUGIVORE\total\reptile\diversity\raster\polygon\Pholidoscelis_chrysolaemus_div.tif';'C:\Users\Seokmin\Desktop\Miami\Galetti projects\Caribbean_hotspots\Data\FRUGIVORE\total\reptile\diversity\raster\polygon\Pholidoscelis_erythrocephalus_div.tif';'C:\Users\Seokmin\Desktop\Miami\Galetti projects\Caribbean_hotspots\Data\FRUGIVORE\total\reptile\diversity\raster\polygon\Pholidoscelis_exsul_div.tif';'C:\Users\Seokmin\Desktop\Miami\Galetti projects\Caribbean_hotspots\Data\FRUGIVORE\total\reptile\diversity\raster\polygon\Pholidoscelis_fuscatus_div.tif';'C:\Users\Seokmin\Desktop\Miami\Galetti projects\Caribbean_hotspots\Data\FRUGIVORE\total\reptile\diversity\raster\polygon\Pholidoscelis_griswoldi_div.tif';'C:\Users\Seokmin\Desktop\Miami\Galetti projects\Caribbean_hotspots\Data\FRUGIVORE\total\reptile\diversity\raster\polygon\Pholidoscelis_plei_div.tif';'C:\Users\Seokmin\Desktop\Miami\Galetti projects\Caribbean_hotspots\Data\FRUGIVORE\total\reptile\diversity\raster\polygon\Pholidoscelis_pluvianotatus_div.tif';'C:\Users\Seokmin\Desktop\Miami\Galetti projects\Caribbean_hotspots\Data\FRUGIVORE\total\reptile\diversity\raster\point\reptile_absent_point_Anolis aliniger_raster.tif';'C:\Users\Seokmin\Desktop\Miami\Galetti projects\Caribbean_hotspots\Data\FRUGIVORE\total\reptile\diversity\raster\point\reptile_absent_point_Anolis angusticeps_raster.tif';'C:\Users\Seokmin\Desktop\Miami\Galetti projects\Caribbean_hotspots\Data\FRUGIVORE\total\reptile\diversity\raster\point\reptile_absent_point_Anolis bahorucoensis_raster.tif';'C:\Users\Seokmin\Desktop\Miami\Galetti projects\Caribbean_hotspots\Data\FRUGIVORE\total\reptile\diversity\raster\point\reptile_absent_point_Anolis barahonae_raster.tif';'C:\Users\Seokmin\Desktop\Miami\Galetti projects\Caribbean_hotspots\Data\FRUGIVORE\total\reptile\diversity\raster\point\reptile_absent_point_Anolis barbatus_raster.tif';'C:\Users\Seokmin\Desktop\Miami\Galetti projects\Caribbean_hotspots\Data\FRUGIVORE\total\reptile\diversity\raster\point\reptile_absent_point_Anolis barbouri_raster.tif';'C:\Users\Seokmin\Desktop\Miami\Galetti projects\Caribbean_hotspots\Data\FRUGIVORE\total\reptile\diversity\raster\point\reptile_absent_point_Anolis brunneus_raster.tif';'C:\Users\Seokmin\Desktop\Miami\Galetti projects\Caribbean_hotspots\Data\FRUGIVORE\total\reptile\diversity\raster\point\reptile_absent_point_Anolis chamaeleonides_raster.tif';'C:\Users\Seokmin\Desktop\Miami\Galetti projects\Caribbean_hotspots\Data\FRUGIVORE\total\reptile\diversity\raster\point\reptile_absent_point_Anolis chlorocyanus_raster.tif';'C:\Users\Seokmin\Desktop\Miami\Galetti projects\Caribbean_hotspots\Data\FRUGIVORE\total\reptile\diversity\raster\point\reptile_absent_point_Anolis christophei_raster.tif';'C:\Users\Seokmin\Desktop\Miami\Galetti projects\Caribbean_hotspots\Data\FRUGIVORE\total\reptile\diversity\raster\point\reptile_absent_point_Anolis coelestinus_raster.tif';'C:\Users\Seokmin\Desktop\Miami\Galetti projects\Caribbean_hotspots\Data\FRUGIVORE\total\reptile\diversity\raster\point\reptile_absent_point_Anolis distichus_raster.tif';'C:\Users\Seokmin\Desktop\Miami\Galetti projects\Caribbean_hotspots\Data\FRUGIVORE\total\reptile\diversity\raster\point\reptile_absent_point_Anolis equestris_raster.tif';'C:\Users\Seokmin\Desktop\Miami\Galetti projects\Caribbean_hotspots\Data\FRUGIVORE\total\reptile\diversity\raster\point\reptile_absent_point_Anolis etheridgei_raster.tif';'C:\Users\Seokmin\Desktop\Miami\Galetti projects\Caribbean_hotspots\Data\FRUGIVORE\total\reptile\diversity\raster\point\reptile_absent_point_Anolis forresti_raster.tif';'C:\Users\Seokmin\Desktop\Miami\Galetti projects\Caribbean_hotspots\Data\FRUGIVORE\total\reptile\diversity\raster\point\reptile_absent_point_Anolis fowleri_raster.tif';'C:\Users\Seokmin\Desktop\Miami\Galetti projects\Caribbean_hotspots\Data\FRUGIVORE\total\reptile\diversity\raster\point\reptile_absent_point_Anolis guamuhaya_raster.tif';'C:\Users\Seokmin\Desktop\Miami\Galetti projects\Caribbean_hotspots\Data\FRUGIVORE\total\reptile\diversity\raster\point\reptile_absent_point_Anolis monensis_raster.tif';'C:\Users\Seokmin\Desktop\Miami\Galetti projects\Caribbean_hotspots\Data\FRUGIVORE\total\reptile\diversity\raster\point\reptile_absent_point_Anolis ricordii_raster.tif';'C:\Users\Seokmin\Desktop\Miami\Galetti projects\Caribbean_hotspots\Data\FRUGIVORE\total\reptile\diversity\raster\point\reptile_absent_point_Anolis rupinae_raster.tif';'C:\Users\Seokmin\Desktop\Miami\Galetti projects\Caribbean_hotspots\Data\FRUGIVORE\total\reptile\diversity\raster\point\reptile_absent_point_Anolis sabanus_raster.tif';'C:\Users\Seokmin\Desktop\Miami\Galetti projects\Caribbean_hotspots\Data\FRUGIVORE\total\reptile\diversity\raster\point\reptile_absent_point_Anolis sheplani_raster.tif';'C:\Users\Seokmin\Desktop\Miami\Galetti projects\Caribbean_hotspots\Data\FRUGIVORE\total\reptile\diversity\raster\point\reptile_absent_point_Anolis shrevei_raster.tif';'C:\Users\Seokmin\Desktop\Miami\Galetti projects\Caribbean_hotspots\Data\FRUGIVORE\total\reptile\diversity\raster\point\reptile_absent_point_Anolis singularis_raster.tif';'C:\Users\Seokmin\Desktop\Miami\Galetti projects\Caribbean_hotspots\Data\FRUGIVORE\total\reptile\diversity\raster\point\reptile_absent_point_Cyclura cornuta_raster.tif';'C:\Users\Seokmin\Desktop\Miami\Galetti projects\Caribbean_hotspots\Data\FRUGIVORE\total\reptile\diversity\raster\point\reptile_absent_point_Cyclura cychlura_raster.tif';'C:\Users\Seokmin\Desktop\Miami\Galetti projects\Caribbean_hotspots\Data\FRUGIVORE\total\reptile\diversity\raster\point\reptile_absent_point_Cyclura nubila lewisi_raster.tif';'C:\Users\Seokmin\Desktop\Miami\Galetti projects\Caribbean_hotspots\Data\FRUGIVORE\total\reptile\diversity\raster\point\reptile_absent_point_Cyclura nubila_raster.tif';'C:\Users\Seokmin\Desktop\Miami\Galetti projects\Caribbean_hotspots\Data\FRUGIVORE\total\reptile\diversity\raster\point\reptile_absent_point_Cyclura ricordi_raster.tif';'C:\Users\Seokmin\Desktop\Miami\Galetti projects\Caribbean_hotspots\Data\FRUGIVORE\total\reptile\diversity\raster\point\reptile_absent_point_Cyclura rileyi_raster.tif' "C:\Users\Seokmin\Desktop\Miami\Galetti projects\Caribbean_hotspots\Data\FRUGIVORE\total\reptile" reptile_diversity_2.tif # "32 bit unsigned" 0.01 1 Sum First</Process></lineage></DataProperties><SyncDate>20211117</SyncDate><SyncTime>10124400</SyncTime><ModDate>20211117</ModDate><ModTime>10124400</ModTime></Esri><dataIdInfo><envirDesc Sync="TRUE">Microsoft Windows 10 Version 10.0 (Build 19043) ; Esri ArcGIS 12.7.0.26828</envirDesc><dataLang><languageCode value="eng" Sync="TRUE"></languageCode><countryCode value="USA" Sync="TRUE"></countryCode></dataLang><idCitation><resTitle Sync="TRUE">reptile_diversity_2.tif</resTitle><presForm><PresFormCd value="005" Sync="TRUE"></PresFormCd></presForm></idCitation><spatRpType><SpatRepTypCd value="002" Sync="TRUE"></SpatRepTypCd></spatRpType><dataExt><geoEle><GeoBndBox esriExtentType="search"><exTypeCode Sync="TRUE">1</exTypeCode><westBL Sync="TRUE">-84.957480</westBL><eastBL Sync="TRUE">-59.397480</eastBL><northBL Sync="TRUE">26.927126</northBL><southBL Sync="TRUE">11.987126</southBL></GeoBndBox></geoEle></dataExt></dataIdInfo><mdLang><languageCode value="eng" Sync="TRUE"></languageCode><countryCode value="USA" Sync="TRUE"></countryCode></mdLang><mdChar><CharSetCd value="004" Sync="TRUE"></CharSetCd></mdChar><distInfo><distFormat><formatName Sync="TRUE">Raster Dataset</formatName></distFormat></distInfo><mdHrLv><ScopeCd value="005" Sync="TRUE"></ScopeCd></mdHrLv><mdHrLvName Sync="TRUE">dataset</mdHrLvName><refSysInfo><RefSystem><refSysID><identCode code="4326" Sync="TRUE"></identCode><idCodeSpace Sync="TRUE">EPSG</idCodeSpace><idVersion Sync="TRUE">6.2(3.0.1)</idVersion></refSysID></RefSystem></refSysInfo><spatRepInfo><Georect><cellGeo><CellGeoCd Sync="TRUE" value="002"></CellGeoCd></cellGeo><numDims Sync="TRUE">2</numDims><tranParaAv Sync="TRUE">1</tranParaAv><chkPtAv Sync="TRUE">0</chkPtAv><cornerPts><pos Sync="TRUE">-84.957480 11.987126</pos></cornerPts><cornerPts><pos Sync="TRUE">-84.957480 26.927126</pos></cornerPts><cornerPts><pos Sync="TRUE">-59.397480 26.927126</pos></cornerPts><cornerPts><pos Sync="TRUE">-59.397480 11.987126</pos></cornerPts><centerPt><pos Sync="TRUE">-72.177480 19.457126</pos></centerPt><axisDimension type="002"><dimSize Sync="TRUE">2556</dimSize><dimResol><value Sync="TRUE" uom="deg">0.010000</value></dimResol></axisDimension><axisDimension type="001"><dimSize Sync="TRUE">1494</dimSize><dimResol><value Sync="TRUE" uom="deg">0.010000</value></dimResol></axisDimension><ptInPixel><PixOrientCd Sync="TRUE" value="001"></PixOrientCd></ptInPixel></Georect></spatRepInfo><contInfo><ImgDesc><contentTyp><ContentTypCd Sync="TRUE" value="001"></ContentTypCd></contentTyp><covDim><Band><dimDescrp Sync="TRUE">Band_1</dimDescrp><maxVal Sync="TRUE">61.000000</maxVal><minVal Sync="TRUE">1.000000</minVal><bitsPerVal Sync="TRUE">32</bitsPerVal><valUnit><UOM type="length"></UOM></valUnit></Band></covDim></ImgDesc></contInfo><mdDateSt Sync="TRUE">20211117</mdDateSt></metadata>
