<?xml version="1.0" encoding="UTF-8"?>
<metadata xml:lang="en"><Esri><CreaDate>20211116</CreaDate><CreaTime>19365000</CreaTime><ArcGISFormat>1.0</ArcGISFormat><SyncOnce>FALSE</SyncOnce><DataProperties><itemProps><itemName Sync="TRUE">reptile_mass.tif</itemName><itemLocation><linkage Sync="TRUE">file://C:\Users\Seokmin\Desktop\Miami\Galetti projects\Caribbean_hotspots\Data\FRUGIVORE\total\reptile\reptile_mass.tif</linkage><protocol Sync="TRUE">Local Area Network</protocol></itemLocation><imsContentType Sync="TRUE">002</imsContentType><nativeExtBox><westBL Sync="TRUE">-84.957480</westBL><eastBL Sync="TRUE">-59.397480</eastBL><southBL Sync="TRUE">11.987126</southBL><northBL Sync="TRUE">26.927126</northBL><exTypeCode Sync="TRUE">1</exTypeCode></nativeExtBox></itemProps><coordRef><type Sync="TRUE">Geographic</type><geogcsn Sync="TRUE">GCS_WGS_1984</geogcsn><csUnits Sync="TRUE">Angular Unit: Degree (0.017453)</csUnits><peXml Sync="TRUE">&lt;GeographicCoordinateSystem xsi:type='typens:GeographicCoordinateSystem' xmlns:xsi='http://www.w3.org/2001/XMLSchema-instance' xmlns:xs='http://www.w3.org/2001/XMLSchema' xmlns:typens='http://www.esri.com/schemas/ArcGIS/2.7.0'&gt;&lt;WKT&gt;GEOGCS[&amp;quot;GCS_WGS_1984&amp;quot;,DATUM[&amp;quot;D_WGS_1984&amp;quot;,SPHEROID[&amp;quot;WGS_1984&amp;quot;,6378137.0,298.257223563]],PRIMEM[&amp;quot;Greenwich&amp;quot;,0.0],UNIT[&amp;quot;Degree&amp;quot;,0.0174532925199433],AUTHORITY[&amp;quot;EPSG&amp;quot;,4326]]&lt;/WKT&gt;&lt;XOrigin&gt;-400&lt;/XOrigin&gt;&lt;YOrigin&gt;-400&lt;/YOrigin&gt;&lt;XYScale&gt;11258999068426.238&lt;/XYScale&gt;&lt;ZOrigin&gt;-100000&lt;/ZOrigin&gt;&lt;ZScale&gt;10000&lt;/ZScale&gt;&lt;MOrigin&gt;-100000&lt;/MOrigin&gt;&lt;MScale&gt;10000&lt;/MScale&gt;&lt;XYTolerance&gt;8.983152841195215e-09&lt;/XYTolerance&gt;&lt;ZTolerance&gt;0.001&lt;/ZTolerance&gt;&lt;MTolerance&gt;0.001&lt;/MTolerance&gt;&lt;HighPrecision&gt;true&lt;/HighPrecision&gt;&lt;LeftLongitude&gt;-180&lt;/LeftLongitude&gt;&lt;WKID&gt;4326&lt;/WKID&gt;&lt;LatestWKID&gt;4326&lt;/LatestWKID&gt;&lt;/GeographicCoordinateSystem&gt;</peXml></coordRef><RasterProperties><General><PixelDepth Sync="TRUE">32</PixelDepth><HasColormap Sync="TRUE">FALSE</HasColormap><CompressionType Sync="TRUE">LZW</CompressionType><NumBands Sync="TRUE">1</NumBands><Format Sync="TRUE">TIFF</Format><HasPyramids Sync="TRUE">TRUE</HasPyramids><SourceType Sync="TRUE">continuous</SourceType><PixelType Sync="TRUE">unsigned integer</PixelType><NoDataValue Sync="TRUE">1.79e+308</NoDataValue></General></RasterProperties><lineage><Process ToolSource="c:\program files\arcgis\pro\Resources\ArcToolbox\toolboxes\Data Management Tools.tbx\MosaicToNewRaster" Date="20211116" Time="193650">MosaicToNewRaster 'C:\Users\Seokmin\Desktop\Miami\Galetti projects\Caribbean_hotspots\Data\FRUGIVORE\total\reptile\mass\Anolis_aeneus_raster.tif';'C:\Users\Seokmin\Desktop\Miami\Galetti projects\Caribbean_hotspots\Data\FRUGIVORE\total\reptile\mass\Ameiva_ameiva_raster.tif';'C:\Users\Seokmin\Desktop\Miami\Galetti projects\Caribbean_hotspots\Data\FRUGIVORE\total\reptile\mass\Amphisbaena_caeca_raster.tif';'C:\Users\Seokmin\Desktop\Miami\Galetti projects\Caribbean_hotspots\Data\FRUGIVORE\total\reptile\mass\Anolis_allisoni_raster.tif';'C:\Users\Seokmin\Desktop\Miami\Galetti projects\Caribbean_hotspots\Data\FRUGIVORE\total\reptile\mass\Anolis_alumina_raster.tif';'C:\Users\Seokmin\Desktop\Miami\Galetti projects\Caribbean_hotspots\Data\FRUGIVORE\total\reptile\mass\Anolis_armouri_raster.tif';'C:\Users\Seokmin\Desktop\Miami\Galetti projects\Caribbean_hotspots\Data\FRUGIVORE\total\reptile\mass\Anolis_baleatus_raster.tif';'C:\Users\Seokmin\Desktop\Miami\Galetti projects\Caribbean_hotspots\Data\FRUGIVORE\total\reptile\mass\Anolis_bartschi_raster.tif';'C:\Users\Seokmin\Desktop\Miami\Galetti projects\Caribbean_hotspots\Data\FRUGIVORE\total\reptile\mass\Anolis_bimaculatus_raster.tif';'C:\Users\Seokmin\Desktop\Miami\Galetti projects\Caribbean_hotspots\Data\FRUGIVORE\total\reptile\mass\Anolis_brevirostris_raster.tif';'C:\Users\Seokmin\Desktop\Miami\Galetti projects\Caribbean_hotspots\Data\FRUGIVORE\total\reptile\mass\Anolis_carolinensis_raster.tif';'C:\Users\Seokmin\Desktop\Miami\Galetti projects\Caribbean_hotspots\Data\FRUGIVORE\total\reptile\mass\Anolis_conspersus_raster.tif';'C:\Users\Seokmin\Desktop\Miami\Galetti projects\Caribbean_hotspots\Data\FRUGIVORE\total\reptile\mass\Anolis_cristatellus_raster.tif';'C:\Users\Seokmin\Desktop\Miami\Galetti projects\Caribbean_hotspots\Data\FRUGIVORE\total\reptile\mass\Anolis_cuvieri_raster.tif';'C:\Users\Seokmin\Desktop\Miami\Galetti projects\Caribbean_hotspots\Data\FRUGIVORE\total\reptile\mass\Anolis_cybotes_raster.tif';'C:\Users\Seokmin\Desktop\Miami\Galetti projects\Caribbean_hotspots\Data\FRUGIVORE\total\reptile\mass\Anolis_eugenegrahami_raster.tif';'C:\Users\Seokmin\Desktop\Miami\Galetti projects\Caribbean_hotspots\Data\FRUGIVORE\total\reptile\mass\Anolis_evermanni_raster.tif';'C:\Users\Seokmin\Desktop\Miami\Galetti projects\Caribbean_hotspots\Data\FRUGIVORE\total\reptile\mass\Anolis_extremus_raster.tif';'C:\Users\Seokmin\Desktop\Miami\Galetti projects\Caribbean_hotspots\Data\FRUGIVORE\total\reptile\mass\Anolis_ferreus_raster.tif';'C:\Users\Seokmin\Desktop\Miami\Galetti projects\Caribbean_hotspots\Data\FRUGIVORE\total\reptile\mass\Anolis_garmani_raster.tif';'C:\Users\Seokmin\Desktop\Miami\Galetti projects\Caribbean_hotspots\Data\FRUGIVORE\total\reptile\mass\Anolis_gingivinus_raster.tif';'C:\Users\Seokmin\Desktop\Miami\Galetti projects\Caribbean_hotspots\Data\FRUGIVORE\total\reptile\mass\Anolis_grahami_raster.tif';'C:\Users\Seokmin\Desktop\Miami\Galetti projects\Caribbean_hotspots\Data\FRUGIVORE\total\reptile\mass\Anolis_griseus_raster.tif';'C:\Users\Seokmin\Desktop\Miami\Galetti projects\Caribbean_hotspots\Data\FRUGIVORE\total\reptile\mass\Anolis_gundlachi_raster.tif';'C:\Users\Seokmin\Desktop\Miami\Galetti projects\Caribbean_hotspots\Data\FRUGIVORE\total\reptile\mass\Anolis_hendersoni_raster.tif';'C:\Users\Seokmin\Desktop\Miami\Galetti projects\Caribbean_hotspots\Data\FRUGIVORE\total\reptile\mass\Anolis_homolechis_raster.tif';'C:\Users\Seokmin\Desktop\Miami\Galetti projects\Caribbean_hotspots\Data\FRUGIVORE\total\reptile\mass\Anolis_insolitus_raster.tif';'C:\Users\Seokmin\Desktop\Miami\Galetti projects\Caribbean_hotspots\Data\FRUGIVORE\total\reptile\mass\Anolis_jubar_raster.tif';'C:\Users\Seokmin\Desktop\Miami\Galetti projects\Caribbean_hotspots\Data\FRUGIVORE\total\reptile\mass\Anolis_koopmani_raster.tif';'C:\Users\Seokmin\Desktop\Miami\Galetti projects\Caribbean_hotspots\Data\FRUGIVORE\total\reptile\mass\Anolis_krugi_raster.tif';'C:\Users\Seokmin\Desktop\Miami\Galetti projects\Caribbean_hotspots\Data\FRUGIVORE\total\reptile\mass\Anolis_leachii_raster.tif';'C:\Users\Seokmin\Desktop\Miami\Galetti projects\Caribbean_hotspots\Data\FRUGIVORE\total\reptile\mass\Anolis_lineatopus_raster.tif';'C:\Users\Seokmin\Desktop\Miami\Galetti projects\Caribbean_hotspots\Data\FRUGIVORE\total\reptile\mass\Anolis_longitibialis_raster.tif';'C:\Users\Seokmin\Desktop\Miami\Galetti projects\Caribbean_hotspots\Data\FRUGIVORE\total\reptile\mass\Anolis_lucius_raster.tif';'C:\Users\Seokmin\Desktop\Miami\Galetti projects\Caribbean_hotspots\Data\FRUGIVORE\total\reptile\mass\Anolis_luteogularis_raster.tif';'C:\Users\Seokmin\Desktop\Miami\Galetti projects\Caribbean_hotspots\Data\FRUGIVORE\total\reptile\mass\Anolis_marcanoi_raster.tif';'C:\Users\Seokmin\Desktop\Miami\Galetti projects\Caribbean_hotspots\Data\FRUGIVORE\total\reptile\mass\Anolis_marmoratus_raster.tif';'C:\Users\Seokmin\Desktop\Miami\Galetti projects\Caribbean_hotspots\Data\FRUGIVORE\total\reptile\mass\Anolis_monticola_raster.tif';'C:\Users\Seokmin\Desktop\Miami\Galetti projects\Caribbean_hotspots\Data\FRUGIVORE\total\reptile\mass\Anolis_noblei_raster.tif';'C:\Users\Seokmin\Desktop\Miami\Galetti projects\Caribbean_hotspots\Data\FRUGIVORE\total\reptile\mass\Anolis_oculatus_raster.tif';'C:\Users\Seokmin\Desktop\Miami\Galetti projects\Caribbean_hotspots\Data\FRUGIVORE\total\reptile\mass\Anolis_olssoni_raster.tif';'C:\Users\Seokmin\Desktop\Miami\Galetti projects\Caribbean_hotspots\Data\FRUGIVORE\total\reptile\mass\Anolis_pigmaequestris_raster.tif';'C:\Users\Seokmin\Desktop\Miami\Galetti projects\Caribbean_hotspots\Data\FRUGIVORE\total\reptile\mass\Anolis_placidus_raster.tif';'C:\Users\Seokmin\Desktop\Miami\Galetti projects\Caribbean_hotspots\Data\FRUGIVORE\total\reptile\mass\Anolis_pogus_raster.tif';'C:\Users\Seokmin\Desktop\Miami\Galetti projects\Caribbean_hotspots\Data\FRUGIVORE\total\reptile\mass\Anolis_porcatus_raster.tif';'C:\Users\Seokmin\Desktop\Miami\Galetti projects\Caribbean_hotspots\Data\FRUGIVORE\total\reptile\mass\Anolis_porcus_raster.tif';'C:\Users\Seokmin\Desktop\Miami\Galetti projects\Caribbean_hotspots\Data\FRUGIVORE\total\reptile\mass\Anolis_pulchellus_raster.tif';'C:\Users\Seokmin\Desktop\Miami\Galetti projects\Caribbean_hotspots\Data\FRUGIVORE\total\reptile\mass\Anolis_richardii_raster.tif';'C:\Users\Seokmin\Desktop\Miami\Galetti projects\Caribbean_hotspots\Data\FRUGIVORE\total\reptile\mass\Anolis_rimarum_raster.tif';'C:\Users\Seokmin\Desktop\Miami\Galetti projects\Caribbean_hotspots\Data\FRUGIVORE\total\reptile\mass\Anolis_roosevelti_raster.tif';'C:\Users\Seokmin\Desktop\Miami\Galetti projects\Caribbean_hotspots\Data\FRUGIVORE\total\reptile\mass\Anolis_sagrei_raster.tif';'C:\Users\Seokmin\Desktop\Miami\Galetti projects\Caribbean_hotspots\Data\FRUGIVORE\total\reptile\mass\Anolis_schwartzi_raster.tif';'C:\Users\Seokmin\Desktop\Miami\Galetti projects\Caribbean_hotspots\Data\FRUGIVORE\total\reptile\mass\Anolis_semilineatus_raster.tif';'C:\Users\Seokmin\Desktop\Miami\Galetti projects\Caribbean_hotspots\Data\FRUGIVORE\total\reptile\mass\Anolis_smallwoodi_raster.tif';'C:\Users\Seokmin\Desktop\Miami\Galetti projects\Caribbean_hotspots\Data\FRUGIVORE\total\reptile\mass\Anolis_smaragdinus_raster.tif';'C:\Users\Seokmin\Desktop\Miami\Galetti projects\Caribbean_hotspots\Data\FRUGIVORE\total\reptile\mass\Anolis_strahmi_raster.tif';'C:\Users\Seokmin\Desktop\Miami\Galetti projects\Caribbean_hotspots\Data\FRUGIVORE\total\reptile\mass\Anolis_stratulus_raster.tif';'C:\Users\Seokmin\Desktop\Miami\Galetti projects\Caribbean_hotspots\Data\FRUGIVORE\total\reptile\mass\Anolis_valencienni_raster.tif';'C:\Users\Seokmin\Desktop\Miami\Galetti projects\Caribbean_hotspots\Data\FRUGIVORE\total\reptile\mass\Anolis_vermiculatus_raster.tif';'C:\Users\Seokmin\Desktop\Miami\Galetti projects\Caribbean_hotspots\Data\FRUGIVORE\total\reptile\mass\Anolis_wattsi_raster.tif';'C:\Users\Seokmin\Desktop\Miami\Galetti projects\Caribbean_hotspots\Data\FRUGIVORE\total\reptile\mass\Anolis_whitemani_raster.tif';'C:\Users\Seokmin\Desktop\Miami\Galetti projects\Caribbean_hotspots\Data\FRUGIVORE\total\reptile\mass\Aristelliger_lar_raster.tif';'C:\Users\Seokmin\Desktop\Miami\Galetti projects\Caribbean_hotspots\Data\FRUGIVORE\total\reptile\mass\Aristelliger_praesignis_raster.tif';'C:\Users\Seokmin\Desktop\Miami\Galetti projects\Caribbean_hotspots\Data\FRUGIVORE\total\reptile\mass\Celestus_agasepsoides_raster.tif';'C:\Users\Seokmin\Desktop\Miami\Galetti projects\Caribbean_hotspots\Data\FRUGIVORE\total\reptile\mass\Celestus_anelpistus_raster.tif';'C:\Users\Seokmin\Desktop\Miami\Galetti projects\Caribbean_hotspots\Data\FRUGIVORE\total\reptile\mass\Celestus_barbouri_raster.tif';'C:\Users\Seokmin\Desktop\Miami\Galetti projects\Caribbean_hotspots\Data\FRUGIVORE\total\reptile\mass\Celestus_costatus_raster.tif';'C:\Users\Seokmin\Desktop\Miami\Galetti projects\Caribbean_hotspots\Data\FRUGIVORE\total\reptile\mass\Celestus_curtissi_raster.tif';'C:\Users\Seokmin\Desktop\Miami\Galetti projects\Caribbean_hotspots\Data\FRUGIVORE\total\reptile\mass\Celestus_darlingtoni_raster.tif';'C:\Users\Seokmin\Desktop\Miami\Galetti projects\Caribbean_hotspots\Data\FRUGIVORE\total\reptile\mass\Celestus_duquesneyi_raster.tif';'C:\Users\Seokmin\Desktop\Miami\Galetti projects\Caribbean_hotspots\Data\FRUGIVORE\total\reptile\mass\Celestus_fowleri_raster.tif';'C:\Users\Seokmin\Desktop\Miami\Galetti projects\Caribbean_hotspots\Data\FRUGIVORE\total\reptile\mass\Celestus_haetianus_raster.tif';'C:\Users\Seokmin\Desktop\Miami\Galetti projects\Caribbean_hotspots\Data\FRUGIVORE\total\reptile\mass\Celestus_marcanoi_raster.tif';'C:\Users\Seokmin\Desktop\Miami\Galetti projects\Caribbean_hotspots\Data\FRUGIVORE\total\reptile\mass\Celestus_occiduus_raster.tif';'C:\Users\Seokmin\Desktop\Miami\Galetti projects\Caribbean_hotspots\Data\FRUGIVORE\total\reptile\mass\Celestus_sepsoides_raster.tif';'C:\Users\Seokmin\Desktop\Miami\Galetti projects\Caribbean_hotspots\Data\FRUGIVORE\total\reptile\mass\Celestus_stenurus_raster.tif';'C:\Users\Seokmin\Desktop\Miami\Galetti projects\Caribbean_hotspots\Data\FRUGIVORE\total\reptile\mass\Celestus_warreni_raster.tif';'C:\Users\Seokmin\Desktop\Miami\Galetti projects\Caribbean_hotspots\Data\FRUGIVORE\total\reptile\mass\Cnemidophorus_vanzoi_raster.tif';'C:\Users\Seokmin\Desktop\Miami\Galetti projects\Caribbean_hotspots\Data\FRUGIVORE\total\reptile\mass\Cyclura_carinata_raster.tif';'C:\Users\Seokmin\Desktop\Miami\Galetti projects\Caribbean_hotspots\Data\FRUGIVORE\total\reptile\mass\Cyclura_collei_raster.tif';'C:\Users\Seokmin\Desktop\Miami\Galetti projects\Caribbean_hotspots\Data\FRUGIVORE\total\reptile\mass\Cyclura_pinguis_raster.tif';'C:\Users\Seokmin\Desktop\Miami\Galetti projects\Caribbean_hotspots\Data\FRUGIVORE\total\reptile\mass\Diploglossus_montisserrati_raster.tif';'C:\Users\Seokmin\Desktop\Miami\Galetti projects\Caribbean_hotspots\Data\FRUGIVORE\total\reptile\mass\Diploglossus_pleii_raster.tif';'C:\Users\Seokmin\Desktop\Miami\Galetti projects\Caribbean_hotspots\Data\FRUGIVORE\total\reptile\mass\Iguana_delicatissima_raster.tif';'C:\Users\Seokmin\Desktop\Miami\Galetti projects\Caribbean_hotspots\Data\FRUGIVORE\total\reptile\mass\Iguana_iguana_raster.tif';'C:\Users\Seokmin\Desktop\Miami\Galetti projects\Caribbean_hotspots\Data\FRUGIVORE\total\reptile\mass\Leiocephalus_barahonensis_raster.tif';'C:\Users\Seokmin\Desktop\Miami\Galetti projects\Caribbean_hotspots\Data\FRUGIVORE\total\reptile\mass\Leiocephalus_carinatus_raster.tif';'C:\Users\Seokmin\Desktop\Miami\Galetti projects\Caribbean_hotspots\Data\FRUGIVORE\total\reptile\mass\Leiocephalus_endomychus_raster.tif';'C:\Users\Seokmin\Desktop\Miami\Galetti projects\Caribbean_hotspots\Data\FRUGIVORE\total\reptile\mass\Leiocephalus_inaguae_raster.tif';'C:\Users\Seokmin\Desktop\Miami\Galetti projects\Caribbean_hotspots\Data\FRUGIVORE\total\reptile\mass\Leiocephalus_loxogrammus_raster.tif';'C:\Users\Seokmin\Desktop\Miami\Galetti projects\Caribbean_hotspots\Data\FRUGIVORE\total\reptile\mass\Leiocephalus_lunatus_raster.tif';'C:\Users\Seokmin\Desktop\Miami\Galetti projects\Caribbean_hotspots\Data\FRUGIVORE\total\reptile\mass\Leiocephalus_macropus_raster.tif';'C:\Users\Seokmin\Desktop\Miami\Galetti projects\Caribbean_hotspots\Data\FRUGIVORE\total\reptile\mass\Leiocephalus_melanochlorus_raster.tif';'C:\Users\Seokmin\Desktop\Miami\Galetti projects\Caribbean_hotspots\Data\FRUGIVORE\total\reptile\mass\Leiocephalus_onaneyi_raster.tif';'C:\Users\Seokmin\Desktop\Miami\Galetti projects\Caribbean_hotspots\Data\FRUGIVORE\total\reptile\mass\Leiocephalus_personatus_raster.tif';'C:\Users\Seokmin\Desktop\Miami\Galetti projects\Caribbean_hotspots\Data\FRUGIVORE\total\reptile\mass\Leiocephalus_pratensis_raster.tif';'C:\Users\Seokmin\Desktop\Miami\Galetti projects\Caribbean_hotspots\Data\FRUGIVORE\total\reptile\mass\Leiocephalus_psammodromus_raster.tif';'C:\Users\Seokmin\Desktop\Miami\Galetti projects\Caribbean_hotspots\Data\FRUGIVORE\total\reptile\mass\Leiocephalus_punctatus_raster.tif';'C:\Users\Seokmin\Desktop\Miami\Galetti projects\Caribbean_hotspots\Data\FRUGIVORE\total\reptile\mass\Leiocephalus_raviceps_raster.tif';'C:\Users\Seokmin\Desktop\Miami\Galetti projects\Caribbean_hotspots\Data\FRUGIVORE\total\reptile\mass\Leiocephalus_rhutidira_raster.tif';'C:\Users\Seokmin\Desktop\Miami\Galetti projects\Caribbean_hotspots\Data\FRUGIVORE\total\reptile\mass\Leiocephalus_schreibersii_raster.tif';'C:\Users\Seokmin\Desktop\Miami\Galetti projects\Caribbean_hotspots\Data\FRUGIVORE\total\reptile\mass\Leiocephalus_semilineatus_raster.tif';'C:\Users\Seokmin\Desktop\Miami\Galetti projects\Caribbean_hotspots\Data\FRUGIVORE\total\reptile\mass\Leiocephalus_stictigaster_raster.tif';'C:\Users\Seokmin\Desktop\Miami\Galetti projects\Caribbean_hotspots\Data\FRUGIVORE\total\reptile\mass\Pholidoscelis_auberi_raster.tif';'C:\Users\Seokmin\Desktop\Miami\Galetti projects\Caribbean_hotspots\Data\FRUGIVORE\total\reptile\mass\Pholidoscelis_chrysolaemus_raster.tif';'C:\Users\Seokmin\Desktop\Miami\Galetti projects\Caribbean_hotspots\Data\FRUGIVORE\total\reptile\mass\Pholidoscelis_erythrocephalus_raster.tif';'C:\Users\Seokmin\Desktop\Miami\Galetti projects\Caribbean_hotspots\Data\FRUGIVORE\total\reptile\mass\Pholidoscelis_exsul_raster.tif';'C:\Users\Seokmin\Desktop\Miami\Galetti projects\Caribbean_hotspots\Data\FRUGIVORE\total\reptile\mass\Pholidoscelis_fuscatus_raster.tif';'C:\Users\Seokmin\Desktop\Miami\Galetti projects\Caribbean_hotspots\Data\FRUGIVORE\total\reptile\mass\Pholidoscelis_griswoldi_raster.tif';'C:\Users\Seokmin\Desktop\Miami\Galetti projects\Caribbean_hotspots\Data\FRUGIVORE\total\reptile\mass\Pholidoscelis_plei_raster.tif';'C:\Users\Seokmin\Desktop\Miami\Galetti projects\Caribbean_hotspots\Data\FRUGIVORE\total\reptile\mass\Pholidoscelis_pluvianotatus_raster.tif';'C:\Users\Seokmin\Desktop\Miami\Galetti projects\Caribbean_hotspots\Data\FRUGIVORE\total\reptile\mass\reptile_absent_point_Anolis_aliniger_p_raster.tif';'C:\Users\Seokmin\Desktop\Miami\Galetti projects\Caribbean_hotspots\Data\FRUGIVORE\total\reptile\mass\reptile_absent_point_Anolis_angusticeps_p_raster.tif';'C:\Users\Seokmin\Desktop\Miami\Galetti projects\Caribbean_hotspots\Data\FRUGIVORE\total\reptile\mass\reptile_absent_point_Anolis_bahorucoensis_p_raster.tif';'C:\Users\Seokmin\Desktop\Miami\Galetti projects\Caribbean_hotspots\Data\FRUGIVORE\total\reptile\mass\reptile_absent_point_Anolis_barahonae_p_raster.tif';'C:\Users\Seokmin\Desktop\Miami\Galetti projects\Caribbean_hotspots\Data\FRUGIVORE\total\reptile\mass\reptile_absent_point_Anolis_barbatus_p_raster.tif';'C:\Users\Seokmin\Desktop\Miami\Galetti projects\Caribbean_hotspots\Data\FRUGIVORE\total\reptile\mass\reptile_absent_point_Anolis_barbouri_p_raster.tif';'C:\Users\Seokmin\Desktop\Miami\Galetti projects\Caribbean_hotspots\Data\FRUGIVORE\total\reptile\mass\reptile_absent_point_Anolis_brunneus_p_raster.tif';'C:\Users\Seokmin\Desktop\Miami\Galetti projects\Caribbean_hotspots\Data\FRUGIVORE\total\reptile\mass\reptile_absent_point_Anolis_chamaeleonides_p_raster.tif';'C:\Users\Seokmin\Desktop\Miami\Galetti projects\Caribbean_hotspots\Data\FRUGIVORE\total\reptile\mass\reptile_absent_point_Anolis_chlorocyanus_p_raster.tif';'C:\Users\Seokmin\Desktop\Miami\Galetti projects\Caribbean_hotspots\Data\FRUGIVORE\total\reptile\mass\reptile_absent_point_Anolis_christophei_p_raster.tif';'C:\Users\Seokmin\Desktop\Miami\Galetti projects\Caribbean_hotspots\Data\FRUGIVORE\total\reptile\mass\reptile_absent_point_Anolis_coelestinus_p_raster.tif';'C:\Users\Seokmin\Desktop\Miami\Galetti projects\Caribbean_hotspots\Data\FRUGIVORE\total\reptile\mass\reptile_absent_point_Anolis_distichus_p_raster.tif';'C:\Users\Seokmin\Desktop\Miami\Galetti projects\Caribbean_hotspots\Data\FRUGIVORE\total\reptile\mass\reptile_absent_point_Anolis_equestris_p_raster.tif';'C:\Users\Seokmin\Desktop\Miami\Galetti projects\Caribbean_hotspots\Data\FRUGIVORE\total\reptile\mass\reptile_absent_point_Anolis_etheridgei_p_raster.tif';'C:\Users\Seokmin\Desktop\Miami\Galetti projects\Caribbean_hotspots\Data\FRUGIVORE\total\reptile\mass\reptile_absent_point_Anolis_forresti_p_raster.tif';'C:\Users\Seokmin\Desktop\Miami\Galetti projects\Caribbean_hotspots\Data\FRUGIVORE\total\reptile\mass\reptile_absent_point_Anolis_fowleri_p_raster.tif';'C:\Users\Seokmin\Desktop\Miami\Galetti projects\Caribbean_hotspots\Data\FRUGIVORE\total\reptile\mass\reptile_absent_point_Anolis_guamuhaya_p_raster.tif';'C:\Users\Seokmin\Desktop\Miami\Galetti projects\Caribbean_hotspots\Data\FRUGIVORE\total\reptile\mass\reptile_absent_point_Anolis_monensis_p_raster.tif';'C:\Users\Seokmin\Desktop\Miami\Galetti projects\Caribbean_hotspots\Data\FRUGIVORE\total\reptile\mass\reptile_absent_point_Anolis_ricordii_p_raster.tif';'C:\Users\Seokmin\Desktop\Miami\Galetti projects\Caribbean_hotspots\Data\FRUGIVORE\total\reptile\mass\reptile_absent_point_Anolis_rupinae_p_raster.tif';'C:\Users\Seokmin\Desktop\Miami\Galetti projects\Caribbean_hotspots\Data\FRUGIVORE\total\reptile\mass\reptile_absent_point_Anolis_sabanus_p_raster.tif';'C:\Users\Seokmin\Desktop\Miami\Galetti projects\Caribbean_hotspots\Data\FRUGIVORE\total\reptile\mass\reptile_absent_point_Anolis_sheplani_p_raster.tif';'C:\Users\Seokmin\Desktop\Miami\Galetti projects\Caribbean_hotspots\Data\FRUGIVORE\total\reptile\mass\reptile_absent_point_Anolis_shrevei_p_raster.tif';'C:\Users\Seokmin\Desktop\Miami\Galetti projects\Caribbean_hotspots\Data\FRUGIVORE\total\reptile\mass\reptile_absent_point_Anolis_singularis_p_raster.tif';'C:\Users\Seokmin\Desktop\Miami\Galetti projects\Caribbean_hotspots\Data\FRUGIVORE\total\reptile\mass\reptile_absent_point_Cyclura_cornuta_p_raster.tif';'C:\Users\Seokmin\Desktop\Miami\Galetti projects\Caribbean_hotspots\Data\FRUGIVORE\total\reptile\mass\reptile_absent_point_Cyclura_cychlura_p_raster.tif';'C:\Users\Seokmin\Desktop\Miami\Galetti projects\Caribbean_hotspots\Data\FRUGIVORE\total\reptile\mass\reptile_absent_point_Cyclura_nubila_lewisi_p_raster.tif';'C:\Users\Seokmin\Desktop\Miami\Galetti projects\Caribbean_hotspots\Data\FRUGIVORE\total\reptile\mass\reptile_absent_point_Cyclura_nubila_p_raster.tif';'C:\Users\Seokmin\Desktop\Miami\Galetti projects\Caribbean_hotspots\Data\FRUGIVORE\total\reptile\mass\reptile_absent_point_Cyclura_ricordi_p_raster.tif';'C:\Users\Seokmin\Desktop\Miami\Galetti projects\Caribbean_hotspots\Data\FRUGIVORE\total\reptile\mass\reptile_absent_point_Cyclura_rileyi_p_raster.tif' "C:\Users\Seokmin\Desktop\Miami\Galetti projects\Caribbean_hotspots\Data\FRUGIVORE\total\reptile" reptile_mass.tif # "32 bit unsigned" 0.01 1 Sum First</Process></lineage></DataProperties><SyncDate>20211116</SyncDate><SyncTime>19365000</SyncTime><ModDate>20211116</ModDate><ModTime>19365000</ModTime></Esri><dataIdInfo><envirDesc Sync="TRUE">Microsoft Windows 10 Version 10.0 (Build 19043) ; Esri ArcGIS 12.7.0.26828</envirDesc><dataLang><languageCode value="eng" Sync="TRUE"></languageCode><countryCode value="USA" Sync="TRUE"></countryCode></dataLang><idCitation><resTitle Sync="TRUE">reptile_mass.tif</resTitle><presForm><PresFormCd value="005" Sync="TRUE"></PresFormCd></presForm></idCitation><spatRpType><SpatRepTypCd value="002" Sync="TRUE"></SpatRepTypCd></spatRpType><dataExt><geoEle><GeoBndBox esriExtentType="search"><exTypeCode Sync="TRUE">1</exTypeCode><westBL Sync="TRUE">-84.957480</westBL><eastBL Sync="TRUE">-59.397480</eastBL><northBL Sync="TRUE">26.927126</northBL><southBL Sync="TRUE">11.987126</southBL></GeoBndBox></geoEle></dataExt></dataIdInfo><mdLang><languageCode value="eng" Sync="TRUE"></languageCode><countryCode value="USA" Sync="TRUE"></countryCode></mdLang><mdChar><CharSetCd value="004" Sync="TRUE"></CharSetCd></mdChar><distInfo><distFormat><formatName Sync="TRUE">Raster Dataset</formatName></distFormat></distInfo><mdHrLv><ScopeCd value="005" Sync="TRUE"></ScopeCd></mdHrLv><mdHrLvName Sync="TRUE">dataset</mdHrLvName><refSysInfo><RefSystem><refSysID><identCode code="4326" Sync="TRUE"></identCode><idCodeSpace Sync="TRUE">EPSG</idCodeSpace><idVersion Sync="TRUE">6.2(3.0.1)</idVersion></refSysID></RefSystem></refSysInfo><spatRepInfo><Georect><cellGeo><CellGeoCd Sync="TRUE" value="002"></CellGeoCd></cellGeo><numDims Sync="TRUE">2</numDims><tranParaAv Sync="TRUE">1</tranParaAv><chkPtAv Sync="TRUE">0</chkPtAv><cornerPts><pos Sync="TRUE">-84.957480 11.987126</pos></cornerPts><cornerPts><pos Sync="TRUE">-84.957480 26.927126</pos></cornerPts><cornerPts><pos Sync="TRUE">-59.397480 26.927126</pos></cornerPts><cornerPts><pos Sync="TRUE">-59.397480 11.987126</pos></cornerPts><centerPt><pos Sync="TRUE">-72.177480 19.457126</pos></centerPt><axisDimension type="002"><dimSize Sync="TRUE">2556</dimSize><dimResol><value Sync="TRUE" uom="deg">0.010000</value></dimResol></axisDimension><axisDimension type="001"><dimSize Sync="TRUE">1494</dimSize><dimResol><value Sync="TRUE" uom="deg">0.010000</value></dimResol></axisDimension><ptInPixel><PixOrientCd Sync="TRUE" value="001"></PixOrientCd></ptInPixel></Georect></spatRepInfo><contInfo><ImgDesc><contentTyp><ContentTypCd Sync="TRUE" value="001"></ContentTypCd></contentTyp><covDim><Band><dimDescrp Sync="TRUE">Band_1</dimDescrp><maxVal Sync="TRUE">37179.000000</maxVal><minVal Sync="TRUE">0.000000</minVal><bitsPerVal Sync="TRUE">32</bitsPerVal><valUnit><UOM type="length"></UOM></valUnit></Band></covDim></ImgDesc></contInfo><mdDateSt Sync="TRUE">20211116</mdDateSt></metadata>
