<PAMDataset>
  <PAMRasterBand band="1">
    <Histograms>
      <HistItem>
        <HistMin>-0.5</HistMin>
        <HistMax>61.5</HistMax>
        <BucketCount>62</BucketCount>
        <IncludeOutOfRange>1</IncludeOutOfRange>
        <Approximate>0</Approximate>
        <HistCounts>0|7227|6142|4327|3124|2463|3667|4312|400|554|1697|9282|1959|222|7369|176|226|154|87|42|34|36|80|173|440|821|2182|89538|22|22|29|37|42|31|54|40|22|15|15|18|10|16|14|4|2|6|5|7|4|9|11|17|41|54|87|57|121|136|140|215|655|62285</HistCounts>
      </HistItem>
    </Histograms>
    <Metadata>
      <MDI key="RepresentationType">ATHEMATIC</MDI>
      <MDI key="STATISTICS_COVARIANCES">427.6985188860592</MDI>
      <MDI key="STATISTICS_EXCLUDEDVALUES"></MDI>
      <MDI key="STATISTICS_MAXIMUM">61</MDI>
      <MDI key="STATISTICS_MEAN">32.19869464444</MDI>
      <MDI key="STATISTICS_MINIMUM">1</MDI>
      <MDI key="STATISTICS_SKIPFACTORX">1</MDI>
      <MDI key="STATISTICS_SKIPFACTORY">1</MDI>
      <MDI key="STATISTICS_STDDEV">20.680873262173</MDI>
    </Metadata>
  </PAMRasterBand>
</PAMDataset>
